АВТОМОБИЛЬ	ССЫЛКА_НА_ФОТО	СТАТУС	ИСТОЧНИК
Lada 110	https://commons.wikimedia.org/wiki/Special:FilePath/LADA-110.jpg	WIKIDATA	https://www.wikidata.org/entity/Q1434520
Daewoo Arcadia	https://commons.wikimedia.org/wiki/Special:FilePath/20100812%20daewoo%20arcadia%2001.jpg	WIKIDATA	https://www.wikidata.org/entity/Q15951013
Škoda 100	https://commons.wikimedia.org/wiki/Special:FilePath/%C5%A0koda%20v%20Praze%20%282%29.jpg	WIKIDATA	https://www.wikidata.org/entity/Q391822
Peugeot 1007	https://commons.wikimedia.org/wiki/Special:FilePath/Peugeot%201007%20demo.jpg	WIKIDATA	https://www.wikidata.org/entity/Q542182
Citroën 2 CV Manx	https://upload.wikimedia.org/wikipedia/commons/thumb/3/3a/1994_Manx_on_a_Citroen_Dyane_6_or_2CV_chassis_600cc.jpg/1280px-1994_Manx_on_a_Citroen_Dyane_6_or_2CV_chassis_600cc.jpg?utm_source=commons.wikimedia.org&utm_campaign=imageinfo&utm_content=thumbnail	COMMONS	https://commons.wikimedia.org/wiki/File:1994_Manx_on_a_Citroen_Dyane_6_or_2CV_chassis_600cc.jpg
Suzuki Aerio	https://commons.wikimedia.org/wiki/Special:FilePath/%2702-%2704%20Suzuki%20Aerio%20Sedan.JPG	WIKIDATA	https://www.wikidata.org/entity/Q743470
Mitsubishi 360	https://commons.wikimedia.org/wiki/Special:FilePath/Mitsubishi-360.jpg	WIKIDATA	https://www.wikidata.org/entity/Q919104
Opel (Olympia) Rekord P1	https://commons.wikimedia.org/wiki/Special:FilePath/Opel%20Rekord%201700%20P1%20%282008-06-14%29%20ret.jpg	WIKIDATA	https://www.wikidata.org/entity/Q2025260
SEAT 1200 Sport	https://commons.wikimedia.org/wiki/Special:FilePath/1977%20Seat%201200%20Sport%20%22Bocanegra%22%20%284647425413%29.jpg	WIKIDATA	https://www.wikidata.org/entity/Q1750183
Hyundai Terracan	https://commons.wikimedia.org/wiki/Special:FilePath/Hyundai%20Terracan%20front.jpg	WIKIDATA	https://www.wikidata.org/entity/Q482697
Chevrolet Captiva	https://commons.wikimedia.org/wiki/Special:FilePath/Chevrolet%20Captiva%201.5%20Premier%20PHEV%20Hybrid%202026%20%282%29.jpg	WIKIDATA	https://www.wikidata.org/entity/Q482542
Proton Arena	https://commons.wikimedia.org/wiki/Special:FilePath/2003%20Proton%20Jumbuck%20%28C90%29%20GLSi%20utility%20%2823352098994%29.jpg	WIKIDATA	https://www.wikidata.org/entity/Q951489
Daihatsu Altis	https://commons.wikimedia.org/wiki/Special:FilePath/2021-2023%20Daihatsu%20Altis%201.png	WIKIDATA	https://www.wikidata.org/entity/Q1157541
Smart Crossblade	https://upload.wikimedia.org/wikipedia/commons/thumb/0/0f/Smart_Crossblade_DSC_0686.jpg/1280px-Smart_Crossblade_DSC_0686.jpg?utm_source=commons.wikimedia.org&utm_campaign=imageinfo&utm_content=thumbnail	COMMONS	https://commons.wikimedia.org/wiki/File:Smart_Crossblade_DSC_0686.jpg
Lada 111	https://commons.wikimedia.org/wiki/Special:FilePath/Lada%2021112%20%286%29.jpg	WIKIDATA	https://www.wikidata.org/entity/Q1994729
Dacia Sandero/Renault Sandero	https://commons.wikimedia.org/wiki/Special:FilePath/Dacia%20Sandero%20III%201X7A0382.jpg	WIKIDATA	https://www.wikidata.org/entity/Q926562
Škoda 1000 MB	https://commons.wikimedia.org/wiki/Special:FilePath/Skoda%201000%20MB%20%281965%29%20%28cropped%29.jpg	WIKIDATA	https://www.wikidata.org/entity/Q391825
Peugeot 104	https://commons.wikimedia.org/wiki/Special:FilePath/Peugeot%20104S%201979.jpg	WIKIDATA	https://www.wikidata.org/entity/Q849464
Citroën 2CV	https://commons.wikimedia.org/wiki/Special:FilePath/Paris%20-%20Bonhams%202013%20-%20Citro%C3%ABn%202CV%20A%20-%201950%20-%20002.jpg	WIKIDATA	https://www.wikidata.org/entity/Q326015
Suzuki Alto	https://commons.wikimedia.org/wiki/Special:FilePath/Suzuki%20ALTO%20L%20Upgrade%20Package%202WD%20%283BA-HA37S-ABLE-P%29%20front.jpg	WIKIDATA	https://www.wikidata.org/entity/Q922201
Mitsubishi 380	https://commons.wikimedia.org/wiki/Special:FilePath/2007-2008%20Mitsubishi%20380%20%28DB%20III%29%20VR-X%20sedan%2001.jpg	WIKIDATA	https://www.wikidata.org/entity/Q1477176
SEAT 124	https://commons.wikimedia.org/wiki/Special:FilePath/SEAT124.jpg	WIKIDATA	https://www.wikidata.org/entity/Q492037
Hyundai Atos	https://commons.wikimedia.org/wiki/Special:FilePath/2002%20Hyundai%20Atoz%201.0%20Front.jpg	WIKIDATA	https://www.wikidata.org/entity/Q482491
Tata TL	https://commons.wikimedia.org/wiki/Special:FilePath/MHV%20Tatamobile%20207%2001.jpg	WIKIDATA	https://www.wikidata.org/entity/Q906268
Proton EMAS	https://commons.wikimedia.org/wiki/Special:FilePath/Proton%20emas%20geneva%202.jpg	WIKIDATA	https://www.wikidata.org/entity/Q4117394
Daihatsu Applause	https://commons.wikimedia.org/wiki/Special:FilePath/MHV%20Daihatsu%20Applause%2001.jpg	WIKIDATA	https://www.wikidata.org/entity/Q945485
Lada 1119	https://commons.wikimedia.org/wiki/Special:FilePath/Lada%20Kalina%201119%20front.JPG	WIKIDATA	https://www.wikidata.org/entity/Q4101850
Dacia 1300	https://commons.wikimedia.org/wiki/Special:FilePath/Dacia%201300.JPG	WIKIDATA	https://www.wikidata.org/entity/Q1156864
Fiat 1100	https://commons.wikimedia.org/wiki/Special:FilePath/Fiat%201100%20%286670783949%29.jpg	WIKIDATA	https://www.wikidata.org/entity/Q1410426
Peugeot 106	https://commons.wikimedia.org/wiki/Special:FilePath/2001%20Peugeot%20106%20XN%20Zest%202%201.1%20Front.jpg	WIKIDATA	https://www.wikidata.org/entity/Q826094
Suzuki APV	https://commons.wikimedia.org/wiki/Special:FilePath/Suzuki%20APV%20%28first%20generation%29%20%28front%29%2C%20Serdang.jpg	WIKIDATA	https://www.wikidata.org/entity/Q1528343
Opel 1.2 litre	https://commons.wikimedia.org/wiki/Special:FilePath/Opel%201%2C2%20Liter%2C%20Bj.%201932%20%282011-09-24%20Mayen%20B%29.JPG	WIKIDATA	https://www.wikidata.org/entity/Q6438673
SEAT 124 Sport	https://commons.wikimedia.org/wiki/Special:FilePath/Seat%20124%20Sport%20Jarama%202006.JPG	WIKIDATA	https://www.wikidata.org/entity/Q7389554
Kia Bongo	https://commons.wikimedia.org/wiki/Special:FilePath/2006%20Kia%20K2700%20%28PU%29%202-door%20cab%20chassis%20%282015-06-18%29.jpg	WIKIDATA	https://www.wikidata.org/entity/Q484508
Hyundai Avante (Elantra)	https://commons.wikimedia.org/wiki/Special:FilePath/2024%20Hyundai%20Elantra%20Luxury%20in%20Atlas%20White%2C%20front%20left%2C%202024-08-11.jpg	WIKIDATA	https://www.wikidata.org/entity/Q482530
Chevrolet 1500	https://upload.wikimedia.org/wikipedia/commons/thumb/7/7e/2015_Chevrolet_Suburban_1500_LTZ%2C_rear_4.18.19.jpg/1280px-2015_Chevrolet_Suburban_1500_LTZ%2C_rear_4.18.19.jpg?utm_source=commons.wikimedia.org&utm_campaign=imageinfo&utm_content=thumbnail	COMMONS	https://commons.wikimedia.org/wiki/File:2015_Chevrolet_Suburban_1500_LTZ,_rear_4.18.19.jpg
Tata Aria	https://commons.wikimedia.org/wiki/Special:FilePath/Gedee%20Car%20Museum-Indian%20Cars%20Section-WUS-Tata%20Aria-05428.jpg	WIKIDATA	https://www.wikidata.org/entity/Q7687791
Proton Exora	https://commons.wikimedia.org/wiki/Special:FilePath/2013%20Proton%20Exora%20Bold%201.6%20Premium%20CFE%20in%20Cyberjaya%2C%20Malaysia%20%2803%29.jpg	WIKIDATA	https://www.wikidata.org/entity/Q1412038
Smart Forfour	https://commons.wikimedia.org/wiki/Special:FilePath/Smart%20Forfour%2C%20Duxford%2C%202006%20%2801%29.jpg	WIKIDATA	https://www.wikidata.org/entity/Q1328950
Lada 112	https://commons.wikimedia.org/wiki/Special:FilePath/Lada%20112%20wiki.jpg	WIKIDATA	https://www.wikidata.org/entity/Q1799854
Dacia 1310	https://commons.wikimedia.org/wiki/Special:FilePath/2002%20Dacia%201310%20in%20Turda%20%28crop%29.jpg	WIKIDATA	https://www.wikidata.org/entity/Q3507004
Škoda 110 R	https://commons.wikimedia.org/wiki/Special:FilePath/%C5%A0koda%20110%20R%201977.jpg	WIKIDATA	https://www.wikidata.org/entity/Q391841
Renault 12	https://commons.wikimedia.org/wiki/Special:FilePath/R12TL.JPG	WIKIDATA	https://www.wikidata.org/entity/Q591145
Peugeot 106 XSi	https://commons.wikimedia.org/wiki/Special:FilePath/1992-1995%20Peugeot%20106%20XSi%20%2827978330249%29.jpg	WIKIDATA	https://www.wikidata.org/entity/Q3377739
Suzuki Cappuccino	https://commons.wikimedia.org/wiki/Special:FilePath/Suzuki%20Cappuccino%20front%2020090514.jpg	WIKIDATA	https://www.wikidata.org/entity/Q2140029
Mitsubishi Airtrek	https://commons.wikimedia.org/wiki/Special:FilePath/2001%20Mitsubishi%20Airtrek%2001.jpg	WIKIDATA	https://www.wikidata.org/entity/Q11357041
Kia Heart	https://commons.wikimedia.org/wiki/Special:FilePath/2023%20Kia%20Soul%20GT-Line%20Limited%20in%20Snow%20White%20Pearl%2C%20Front%20Right%2C%2009-05-2022.jpg	WIKIDATA	https://www.wikidata.org/entity/Q420780
Hyundai BlueOn	https://commons.wikimedia.org/wiki/Special:FilePath/20110402%20hyundai%20blueon%201.jpg	WIKIDATA	https://www.wikidata.org/entity/Q495296
Tata OneCAT	https://commons.wikimedia.org/wiki/Special:FilePath/Catvertroquette.jpg	WIKIDATA	https://www.wikidata.org/entity/Q959547
Proton GEN•2	https://commons.wikimedia.org/wiki/Special:FilePath/Proton%20Gen.2%20%28front%29%2C%20Serdang.jpg	WIKIDATA	https://www.wikidata.org/entity/Q1784527
Daihatsu Atrai 7	https://commons.wikimedia.org/wiki/Special:FilePath/Daihatsu%20Atrai%207%20003.JPG	WIKIDATA	https://www.wikidata.org/entity/Q1157543
Smart Forfour (W454)	https://commons.wikimedia.org/wiki/Special:FilePath/Smart%20Forfour%201.3%20Passion%20%28W%20454%29%20%E2%80%93%20Frontansicht%2C%201.%20Mai%202012%2C%20Ratingen.jpg	WIKIDATA	https://www.wikidata.org/entity/Q21208869
Lada 112 Coupe	https://commons.wikimedia.org/wiki/Special:FilePath/VAZ-21123.jpg	WIKIDATA	https://www.wikidata.org/entity/Q4101853
Daewoo Espero	https://commons.wikimedia.org/wiki/Special:FilePath/Maroon%20Daewoo%20Espero-002-front.jpg	WIKIDATA	https://www.wikidata.org/entity/Q494447
Škoda 1100 MB	https://commons.wikimedia.org/wiki/Special:FilePath/Brno%20-%20Zeln%C3%BD%20trh%2C%20%C5%A0koda%201100%20MB%2C%202024-06%2C%20obr01.jpg	WIKIDATA	https://www.wikidata.org/entity/Q9396958
Peugeot 107	https://commons.wikimedia.org/wiki/Special:FilePath/2005%20Peugeot%20107%201.0%20Front.jpg	WIKIDATA	https://www.wikidata.org/entity/Q214229
Citroën ZX	https://commons.wikimedia.org/wiki/Special:FilePath/1994%20Citroen%20ZX%20Neon.jpg	WIKIDATA	https://www.wikidata.org/entity/Q370785
Suzuki Cara	https://commons.wikimedia.org/wiki/Special:FilePath/Suzuki%20Cara.jpg	WIKIDATA	https://www.wikidata.org/entity/Q17228277
Mitsubishi Aspire	https://commons.wikimedia.org/wiki/Special:FilePath/2000%20aspire%202.0viento%20f.jpg	WIKIDATA	https://www.wikidata.org/entity/Q11357040
SEAT 128	https://commons.wikimedia.org/wiki/Special:FilePath/Seat128%20EHUn.jpg	WIKIDATA	https://www.wikidata.org/entity/Q1999909
Kia Pride	https://commons.wikimedia.org/wiki/Special:FilePath/Kia%20Pride%20front%2020071204.jpg	WIKIDATA	https://www.wikidata.org/entity/Q169964
Hyundai Creta	https://commons.wikimedia.org/wiki/Special:FilePath/2025%20Hyundai%20Creta%20N%20Line.jpg	WIKIDATA	https://www.wikidata.org/entity/Q18683502
Chevrolet Spin	https://commons.wikimedia.org/wiki/Special:FilePath/2025%20Chevrolet%20Spin%201.8%20LT.jpg	WIKIDATA	https://www.wikidata.org/entity/Q29856
Proton Inspira	https://commons.wikimedia.org/wiki/Special:FilePath/2012%20Proton%20Inspira%202.0%20Premium%204-door%20sedan%20%2819699612942%29.jpg	WIKIDATA	https://www.wikidata.org/entity/Q3270906
Daihatsu Ayla	https://commons.wikimedia.org/wiki/Special:FilePath/2014%20Daihatsu%20Ayla%201.0%20X%20B100RS%20%2820190615%29.jpg	WIKIDATA	https://www.wikidata.org/entity/Q7830740
Smart Fortwo	https://commons.wikimedia.org/wiki/Special:FilePath/Smart%20Fortwo%20W%20453%20Wien%2026%20July%202020%20JM%20%282%29.jpg	WIKIDATA	https://www.wikidata.org/entity/Q834494
Lada 21099	https://commons.wikimedia.org/wiki/Special:FilePath/Lada%20Samara%202109%20in%20Krak%C3%B3w%20%282%29.jpg	WIKIDATA	https://www.wikidata.org/entity/Q1973563
Dacia 1325	https://commons.wikimedia.org/wiki/Special:FilePath/Dacia%201325%20Liberta%20%281991-1996%29.jpg	WIKIDATA	https://www.wikidata.org/entity/Q3011632
Škoda 1100 OHC	https://commons.wikimedia.org/wiki/Special:FilePath/%C5%A0koda%201101%20OHC.jpg	WIKIDATA	https://www.wikidata.org/entity/Q391832
Renault 14	https://commons.wikimedia.org/wiki/Special:FilePath/R14%20001.JPG	WIKIDATA	https://www.wikidata.org/entity/Q572290
Peugeot 108	https://commons.wikimedia.org/wiki/Special:FilePath/17-08-05-Island-Auto-RalfR-DSC%202520.jpg	WIKIDATA	https://www.wikidata.org/entity/Q3377740
Suzuki Celerio	https://commons.wikimedia.org/wiki/Special:FilePath/Suzuki%20Celerio%20%282nd%20generation%29%20IMG%204243.jpg	WIKIDATA	https://www.wikidata.org/entity/Q16725870
Mitsubishi ASX	https://commons.wikimedia.org/wiki/Special:FilePath/2024%20Mitsubishi%20ASX%20Leonberg%202024%20IMG%201053.jpg	WIKIDATA	https://www.wikidata.org/entity/Q16735809
Kia Capital	https://commons.wikimedia.org/wiki/Special:FilePath/20110605%20kia%20capital%201.jpg	WIKIDATA	https://www.wikidata.org/entity/Q12586728
Hyundai Dynasty	https://commons.wikimedia.org/wiki/Special:FilePath/20120731%20hyundai%20dynasty%20limousine%202.jpg	WIKIDATA	https://www.wikidata.org/entity/Q486109
Tata Indica	https://commons.wikimedia.org/wiki/Special:FilePath/MHV%20Tata%20Indica%2001.jpg	WIKIDATA	https://www.wikidata.org/entity/Q1145323
Proton Juara	https://commons.wikimedia.org/wiki/Special:FilePath/Proton%20Juara%2C%20Kuala%20Lumpur.jpg	WIKIDATA	https://www.wikidata.org/entity/Q2715011
Daihatsu Be-go	https://commons.wikimedia.org/wiki/Special:FilePath/Daihatsu%20Be-go%20003.JPG	WIKIDATA	https://www.wikidata.org/entity/Q1157546
Smart Fortwo (W450)	https://commons.wikimedia.org/wiki/Special:FilePath/Smart%20City-Coup%C3%A9%20passion%20front.jpg	WIKIDATA	https://www.wikidata.org/entity/Q3962967
Lada 21106	https://commons.wikimedia.org/wiki/Special:FilePath/Lada%2021106.jpg	WIKIDATA	https://www.wikidata.org/entity/Q4101852
Daewoo G2X	https://commons.wikimedia.org/wiki/Special:FilePath/20110528%20daewoo%20g2x%2001.jpg	WIKIDATA	https://www.wikidata.org/entity/Q1157109
Fiat 1200	https://commons.wikimedia.org/wiki/Special:FilePath/Fiat%201200%20Convertible%2001.jpg	WIKIDATA	https://www.wikidata.org/entity/Q1410433
Peugeot 2008	https://commons.wikimedia.org/wiki/Special:FilePath/Peugeot%20e-2008%20Facelift%20Autofr%C3%BChling%20Ulm%20IMG%209302.jpg	WIKIDATA	https://www.wikidata.org/entity/Q2081398
Citroën Ami 6	https://commons.wikimedia.org/wiki/Special:FilePath/Citroen%20Ami%20-%20Flickr%20-%20exfordy.jpg	WIKIDATA	https://www.wikidata.org/entity/Q1093535
Suzuki Cervo	https://commons.wikimedia.org/wiki/Special:FilePath/1979%20Suzuki%20Cervo%20CX-G.jpg	WIKIDATA	https://www.wikidata.org/entity/Q739299
Mitsubishi Bravo	https://commons.wikimedia.org/wiki/Special:FilePath/Mitsubishi%20Bravo%201989.jpg	WIKIDATA	https://www.wikidata.org/entity/Q11357056
Kia Carens	https://commons.wikimedia.org/wiki/Special:FilePath/2025%20Kia%20Carens%20Clavis%20HTX%20Plus.png	WIKIDATA	https://www.wikidata.org/entity/Q488191
Hyundai Entourage	https://commons.wikimedia.org/wiki/Special:FilePath/07-Hyundai-Entourage.jpg	WIKIDATA	https://www.wikidata.org/entity/Q489053
Chevrolet Orlando	https://commons.wikimedia.org/wiki/Special:FilePath/Chevrolet%20Orlando%20II%20005.jpg	WIKIDATA	https://www.wikidata.org/entity/Q31905
Tata Indica Vista	https://commons.wikimedia.org/wiki/Special:FilePath/2012%20Tata%20Indica%20Safire%20front.JPG	WIKIDATA	https://www.wikidata.org/entity/Q9355803
Proton P2-30A	https://commons.wikimedia.org/wiki/Special:FilePath/2014%20Proton%20Iriz%201.6L%20Premium%20in%20Shah%20Alam%2C%20Malaysia%20%2801%29.jpg	WIKIDATA	https://www.wikidata.org/entity/Q17156289
Daihatsu Bee	https://commons.wikimedia.org/wiki/Special:FilePath/Daihatsu%20bee.jpg	WIKIDATA	https://www.wikidata.org/entity/Q1157548
Smart Fortwo (W451)	https://commons.wikimedia.org/wiki/Special:FilePath/Smart%20Fortwo%20Coup%C3%A9%201.0%20mhd%20Passion%20%28451%29%20%E2%80%93%20Frontansicht%2C%2025.%20April%202011%2C%20Ratingen.jpg	WIKIDATA	https://www.wikidata.org/entity/Q3962969
Lada 2114	https://commons.wikimedia.org/wiki/Special:FilePath/Lada%20Samara%202114%2C%20PIA%28II%29.jpg	WIKIDATA	https://www.wikidata.org/entity/Q4101855
Dacia Dokker	https://commons.wikimedia.org/wiki/Special:FilePath/2012%20Dacia%20Dokker.JPG	WIKIDATA	https://www.wikidata.org/entity/Q933825
Daewoo Gentra	https://commons.wikimedia.org/wiki/Special:FilePath/Daewoo%20gentra%202013%20%282%29.JPG	WIKIDATA	https://www.wikidata.org/entity/Q16870430
Škoda 1102	https://commons.wikimedia.org/wiki/Special:FilePath/1951%20SKODA%201102%2C%20NG-70-77%2C%20Horn%2C%20the%20Netherlands%2C%20pic6.JPG	WIKIDATA	https://www.wikidata.org/entity/Q9396959
Mitsubishi Carisma	https://commons.wikimedia.org/wiki/Special:FilePath/Mitsubishi%20Carisma%20rear%2020080111.jpg	WIKIDATA	https://www.wikidata.org/entity/Q1327305
SEAT 133	https://commons.wikimedia.org/wiki/Special:FilePath/Seat%20133%20Oviedo.jpg	WIKIDATA	https://www.wikidata.org/entity/Q1499422
Kia Carnival	https://commons.wikimedia.org/wiki/Special:FilePath/Kia%20Carnival%20Hybrid%20KA4%20PE%20HEV%20Snow%20White%20Pearl%20%285%29%20%28cropped%29.jpg	WIKIDATA	https://www.wikidata.org/entity/Q488173
Hyundai Eon	https://commons.wikimedia.org/wiki/Special:FilePath/Hyundai%20Eos%20GL%202014%20%2811954748753%29.jpg	WIKIDATA	https://www.wikidata.org/entity/Q488076
Tata Indigo	https://commons.wikimedia.org/wiki/Special:FilePath/Tata%20Manza%20LHD%20in%20QC%20front.JPG	WIKIDATA	https://www.wikidata.org/entity/Q10860515
Proton Perdana	https://commons.wikimedia.org/wiki/Special:FilePath/2003-2010%20Proton%20Perdana%20Executive%20V6%20in%20Petaling%20Jaya%2C%20Malaysia%20%2801%29.jpg	WIKIDATA	https://www.wikidata.org/entity/Q2113758
Daihatsu Boon	https://commons.wikimedia.org/wiki/Special:FilePath/2nd%20Daihatsu%20Boon.jpg	WIKIDATA	https://www.wikidata.org/entity/Q205608
Smart Roadster	https://commons.wikimedia.org/wiki/Special:FilePath/2004%20SMART%20Roadster%20Coupe%20Brabus%20Automatic%20700cc%20Front.jpg	WIKIDATA	https://www.wikidata.org/entity/Q632358
Lada 2115	https://commons.wikimedia.org/wiki/Special:FilePath/Lada-2115%201.jpg	WIKIDATA	https://www.wikidata.org/entity/Q4101860
Dacia Lăstun	https://commons.wikimedia.org/wiki/Special:FilePath/Dacia%20500.jpg	WIKIDATA	https://www.wikidata.org/entity/Q597073
Škoda 120	https://commons.wikimedia.org/wiki/Special:FilePath/Skoda%20Estelle%20Malta%201996.jpg	WIKIDATA	https://www.wikidata.org/entity/Q391936
Citroën AX	https://commons.wikimedia.org/wiki/Special:FilePath/Citroen%20AX%20front%2020080121.jpg	WIKIDATA	https://www.wikidata.org/entity/Q1093538
Suzuki Cultus Crescent	https://commons.wikimedia.org/wiki/Special:FilePath/99-00%20Suzuki%20Esteem%20sedan.jpg	WIKIDATA	https://www.wikidata.org/entity/Q1502062
Mitsubishi Chariot	https://commons.wikimedia.org/wiki/Special:FilePath/Mitsubishi%20Chariot%201st%20gen%20Japan.jpg	WIKIDATA	https://www.wikidata.org/entity/Q11335647
Kia Cee'd	https://commons.wikimedia.org/wiki/Special:FilePath/2019%20Kia%20Proceed%20GT%20ISG%20S-A%201.6%20Front.jpg	WIKIDATA	https://www.wikidata.org/entity/Q200970
Hyundai Equus	https://commons.wikimedia.org/wiki/Special:FilePath/Hyundai%20new%20equus%28KDM%29%20%285%29.jpg	WIKIDATA	https://www.wikidata.org/entity/Q482701
Chevrolet Aveo T200	https://commons.wikimedia.org/wiki/Special:FilePath/Chevrolet%20Aveo%201.4%20LS%202004.jpg	WIKIDATA	https://www.wikidata.org/entity/Q488154
Tata LPT 1116	https://commons.wikimedia.org/wiki/Special:FilePath/TATA%201109H%20EX2%20-%20Howrah%202012-08-11%2001560.jpg	WIKIDATA	https://www.wikidata.org/entity/Q12072599
Proton Persona	https://commons.wikimedia.org/wiki/Special:FilePath/2012%20Proton%20Persona%20Standard%20in%20Cyberjaya%2C%20Malaysia%20%2801%29.jpg	WIKIDATA	https://www.wikidata.org/entity/Q1973111
Lada 2116	https://commons.wikimedia.org/wiki/Special:FilePath/Lada%20Siluet.jpg	WIKIDATA	https://www.wikidata.org/entity/Q1119433
Daewoo Lacetti	https://commons.wikimedia.org/wiki/Special:FilePath/Daewoo%20Lacetti%20CDX.JPG	WIKIDATA	https://www.wikidata.org/entity/Q493989
Mitsubishi Colt	https://commons.wikimedia.org/wiki/Special:FilePath/Mitsubishi%20Colt%20VI%20CZ3%20Modellpflege%20%28seit%202008%29%20front%20MJ.JPG	WIKIDATA	https://www.wikidata.org/entity/Q934776
Kia cee'd (ED)	https://commons.wikimedia.org/wiki/Special:FilePath/Kia%20cee%27d%20silver.JPG	WIKIDATA	https://www.wikidata.org/entity/Q1740747
Proton Prevé	https://commons.wikimedia.org/wiki/Special:FilePath/2013%20Proton%20Prev%C3%A9%20CFE%20Turbo%20%28Front%29%20in%20Thailand.JPG	WIKIDATA	https://www.wikidata.org/entity/Q5928676
Daihatsu Charade (XP90)	https://commons.wikimedia.org/wiki/Special:FilePath/Daihatsu%20Charade%201.33%20Basis%20%28V%29%20%E2%80%93%20Frontansicht%2C%2021.%20Juni%202011%2C%20Ratingen.jpg	WIKIDATA	https://www.wikidata.org/entity/Q1157550
Lada 2151	https://commons.wikimedia.org/wiki/Special:FilePath/Lada%202151.jpg	WIKIDATA	https://www.wikidata.org/entity/Q1427788
Dacia Logan	https://commons.wikimedia.org/wiki/Special:FilePath/Dacia%20Logan%20Facelift%20front%20-%20PSM%202009.jpg	WIKIDATA	https://www.wikidata.org/entity/Q668565
Daewoo Lanos	https://commons.wikimedia.org/wiki/Special:FilePath/Daewoo%20Lanos%20front%2020070323.jpg	WIKIDATA	https://www.wikidata.org/entity/Q482548
Fiat Sedici	https://commons.wikimedia.org/wiki/Special:FilePath/2009%20Fiat%20Sedici%20Dynamic%2016v%201.6.jpg	WIKIDATA	https://www.wikidata.org/entity/Q369293
Suzuki Equator	https://commons.wikimedia.org/wiki/Special:FilePath/2009%20Suzuki%20Equator%20extended%20cab%20Premium.jpg	WIKIDATA	https://www.wikidata.org/entity/Q2370266
Kia Cerato	https://commons.wikimedia.org/wiki/Special:FilePath/Kia%20Cerato%201.6%20EX%202023%20%2853135607211%29.jpg	WIKIDATA	https://www.wikidata.org/entity/Q489832
Hyundai Galloper	https://commons.wikimedia.org/wiki/Special:FilePath/Hyundai%20Galloper%20front%2020070925.jpg	WIKIDATA	https://www.wikidata.org/entity/Q489012
Proton Putra	https://commons.wikimedia.org/wiki/Special:FilePath/Proton%20Putra%20%28front%29%2C%20Kuala%20Lumpur.jpg	WIKIDATA	https://www.wikidata.org/entity/Q641137
Dacia Logan I	https://commons.wikimedia.org/wiki/Special:FilePath/Dacia%20Logan%20front%2020070611.jpg	WIKIDATA	https://www.wikidata.org/entity/Q3011626
Daewoo Leganza	https://commons.wikimedia.org/wiki/Special:FilePath/1999%20Daewoo%20Leganza%20%28V100%29%20sedan%20%2820641758482%29.jpg	WIKIDATA	https://www.wikidata.org/entity/Q494486
Peugeot 205	https://commons.wikimedia.org/wiki/Special:FilePath/Peugeot%20205%20front%2020080121.jpg	WIKIDATA	https://www.wikidata.org/entity/Q215218
Suzuki Ertiga	https://commons.wikimedia.org/wiki/Special:FilePath/2013%20Suzuki%20Ertiga%201.4%20GX%20wagon%20%28ZE81S%3B%2001-20-2019%29%2C%20South%20Tangerang.jpg	WIKIDATA	https://www.wikidata.org/entity/Q4050439
Mitsubishi Colt 600	https://commons.wikimedia.org/wiki/Special:FilePath/Mitsubishi%20Colt%20600.JPG	WIKIDATA	https://www.wikidata.org/entity/Q6883031
Kia Concord	https://commons.wikimedia.org/wiki/Special:FilePath/20100801%20kia%20concord%20001.jpg	WIKIDATA	https://www.wikidata.org/entity/Q626134
Hyundai Genesis	https://commons.wikimedia.org/wiki/Special:FilePath/Hyundai%20Genesis%20sedan%20NY.jpg	WIKIDATA	https://www.wikidata.org/entity/Q482641
Daihatsu Compagno	https://commons.wikimedia.org/wiki/Special:FilePath/Daihatsu%20Compagno%20Berlina%20left%20front%20view%20at%2010th%20Osaka%20Motor%20Show%20December%2010%2C%202017%2003.jpg	WIKIDATA	https://www.wikidata.org/entity/Q1157557
Lada C-Cross	https://commons.wikimedia.org/wiki/Special:FilePath/C-cross.JPG	WIKIDATA	https://www.wikidata.org/entity/Q1375274
Dacia Nova	https://commons.wikimedia.org/wiki/Special:FilePath/Dacia%20Nova%20Bucarest%20%281%29.jpg	WIKIDATA	https://www.wikidata.org/entity/Q634148
Daewoo LeMans	https://commons.wikimedia.org/wiki/Special:FilePath/1990%20Pontiac%20Le%20Mans%201.5%20GSE%20Hatchback%20%286828416513%29.jpg	WIKIDATA	https://www.wikidata.org/entity/Q19944712
Renault 19	https://commons.wikimedia.org/wiki/Special:FilePath/R19%20A.JPG	WIKIDATA	https://www.wikidata.org/entity/Q728034
Citroën Berlingo	https://commons.wikimedia.org/wiki/Special:FilePath/Citroen%20e-Berlingo%20Auto%20Zuerich%202021%20IMG%200097.jpg	WIKIDATA	https://www.wikidata.org/entity/Q756741
Suzuki Every	https://commons.wikimedia.org/wiki/Special:FilePath/Suzuki%20Every%20PA%204WD%20DA64V%200371.JPG	WIKIDATA	https://www.wikidata.org/entity/Q15262290
Kia Credos	https://commons.wikimedia.org/wiki/Special:FilePath/1996%20Kia%20Clarus%2001.jpg	WIKIDATA	https://www.wikidata.org/entity/Q488997
Hyundai Genesis Coupe	https://commons.wikimedia.org/wiki/Special:FilePath/2010%20Hyundai%20Genesis%20Coupe%203%20--%2008-28-2009.jpg	WIKIDATA	https://www.wikidata.org/entity/Q483491
Chevrolet SSR	https://commons.wikimedia.org/wiki/Special:FilePath/Chevrolet%20SSR.jpg	WIKIDATA	https://www.wikidata.org/entity/Q282151
Tata Manza	https://commons.wikimedia.org/wiki/Special:FilePath/Geneva%20MotorShow%202013%20-%20Tata%20Manza.jpg	WIKIDATA	https://www.wikidata.org/entity/Q17149158
Proton Satria	https://commons.wikimedia.org/wiki/Special:FilePath/1997%20Proton%20Satria%20%28C90%29%20XLi%20hatchback%20%2825815361420%29.jpg	WIKIDATA	https://www.wikidata.org/entity/Q2113762
Peugeot 206	https://commons.wikimedia.org/wiki/Special:FilePath/2002%20Peugeot%20206%20LX%201.4%20Front.jpg	WIKIDATA	https://www.wikidata.org/entity/Q207976
Citroën Berlingo électrique	https://commons.wikimedia.org/wiki/Special:FilePath/Elcidislarochelle.jpg	WIKIDATA	https://www.wikidata.org/entity/Q5122855
Mitsubishi Colt CZC	https://commons.wikimedia.org/wiki/Special:FilePath/Mitsubishi%20Colt%20CZC%20front%2020080701.jpg	WIKIDATA	https://www.wikidata.org/entity/Q37474
Hyundai Getz	https://commons.wikimedia.org/wiki/Special:FilePath/Hyundai%20Getz%20%28first%20generation%29%20%28front%29%2C%20Serdang.jpg	WIKIDATA	https://www.wikidata.org/entity/Q482462
Chevrolet Agile	https://commons.wikimedia.org/wiki/Special:FilePath/Chevrolet%20Agile%20front.JPG	WIKIDATA	https://www.wikidata.org/entity/Q1071037
Tata Nano	https://commons.wikimedia.org/wiki/Special:FilePath/Tata%20-%20Nano%20-%20Kolkata%202011-09-15%205184.JPG	WIKIDATA	https://www.wikidata.org/entity/Q152238
Proton Satria Neo	https://commons.wikimedia.org/wiki/Special:FilePath/Proton%20Satria%20Neo%2C%20Kuala%20Lumpur.jpg	WIKIDATA	https://www.wikidata.org/entity/Q11827968
Toyota 1600GT	https://commons.wikimedia.org/wiki/Special:FilePath/1967%20Toyota%201600GT%2001.jpg	WIKIDATA	https://www.wikidata.org/entity/Q11321583
Ford Sierra	https://commons.wikimedia.org/wiki/Special:FilePath/Ford%20Sierra%20Bj.%20ca%201985%20photo%20Schaffen%20Diest%202017.jpg	WIKIDATA	https://www.wikidata.org/entity/Q366912
Honda 1300	https://commons.wikimedia.org/wiki/Special:FilePath/1300%2099s.jpg	WIKIDATA	https://www.wikidata.org/entity/Q1626471
Nissan 180SX	https://commons.wikimedia.org/wiki/Special:FilePath/1990%20240sx%20Quarter%20View.JPG	WIKIDATA	https://www.wikidata.org/entity/Q1063020
Mazda 121	https://commons.wikimedia.org/wiki/Special:FilePath/Mazda%20121%20front%2020071019.jpg	WIKIDATA	https://www.wikidata.org/entity/Q268800
Jeep Cherokee	https://commons.wikimedia.org/wiki/Special:FilePath/Jeep%20Cherokee%20front%20%282008%29.jpg	WIKIDATA	https://www.wikidata.org/entity/Q2298934
Volvo 140 Series	https://commons.wikimedia.org/wiki/Special:FilePath/Volvo%20144%20%28front%29%2C%20Kuala%20Lumpur.jpg	WIKIDATA	https://www.wikidata.org/entity/Q598404
GMC Acadia	https://commons.wikimedia.org/wiki/Special:FilePath/2024%20GMC%20Acadia%20Denali%20front%20view.jpg	WIKIDATA	https://www.wikidata.org/entity/Q936505
Buick Apollo	https://commons.wikimedia.org/wiki/Special:FilePath/1973%20Buick%20Apollo.jpg	WIKIDATA	https://www.wikidata.org/entity/Q914061
Pontiac 2+2	https://commons.wikimedia.org/wiki/Special:FilePath/1966%20Pontiac%202%2B2%20%2829666833742%29.jpg	WIKIDATA	https://www.wikidata.org/entity/Q7228211
Isuzu 117 Coupé	https://commons.wikimedia.org/wiki/Special:FilePath/Isuzu%20117%20coupe%20001.jpg	WIKIDATA	https://www.wikidata.org/entity/Q993674
SsangYong Actyon	https://commons.wikimedia.org/wiki/Special:FilePath/SSANGYONG%20ACTYON%20China%20%283%29.jpg	WIKIDATA	https://www.wikidata.org/entity/Q116644
Chery A1	https://commons.wikimedia.org/wiki/Special:FilePath/2012%20Chery%20A113%20%28A1%29%2C%20front%208.8.18.jpg	WIKIDATA	https://www.wikidata.org/entity/Q221892
Geely BL	https://commons.wikimedia.org/wiki/Special:FilePath/Beauty%20Leopard.jpg	WIKIDATA	https://www.wikidata.org/entity/Q3270667
Great Wall Coolbear	https://commons.wikimedia.org/wiki/Special:FilePath/2010%20Great%20Wall%20Coolbear%20%28front%29.jpg	WIKIDATA	https://www.wikidata.org/entity/Q1544386
Haval H1	https://commons.wikimedia.org/wiki/Special:FilePath/Great%20Wall%20Haval%20M4%2001%20China%202012-06-02.jpg	WIKIDATA	https://www.wikidata.org/entity/Q16687853
BYD e6	https://commons.wikimedia.org/wiki/Special:FilePath/SIN%20BYD%20e6%20SNF4771J%202023-10-26.jpg	WIKIDATA	https://www.wikidata.org/entity/Q728323
Volkswagen Amarok	https://commons.wikimedia.org/wiki/Special:FilePath/Volkswagen%20Amarok%20Mk2%20Auto%20Zuerich%202023%201X7A1337.jpg	WIKIDATA	https://www.wikidata.org/entity/Q1027973
Toyota 2000GT	https://commons.wikimedia.org/wiki/Special:FilePath/TOYOTA%202000GT.jpg	WIKIDATA	https://www.wikidata.org/entity/Q1324772
Honda 145	https://commons.wikimedia.org/wiki/Special:FilePath/Honda145.jpg	WIKIDATA	https://www.wikidata.org/entity/Q9293514
Mazda 1500	https://commons.wikimedia.org/wiki/Special:FilePath/Mazda-LUCE-1st-generation01.JPG	WIKIDATA	https://www.wikidata.org/entity/Q1656429
Jeep Cherokee (KL)	https://commons.wikimedia.org/wiki/Special:FilePath/2019%20Jeep%20Cherokee%20Latitude%20front%205.27.18.jpg	WIKIDATA	https://www.wikidata.org/entity/Q6172906
Volvo 145	https://commons.wikimedia.org/wiki/Special:FilePath/Volvo145%20%2812369134384%29.jpg	WIKIDATA	https://www.wikidata.org/entity/Q5482609
Chrysler 200	https://commons.wikimedia.org/wiki/Special:FilePath/2015%20Chrysler%20200%20Limited%202.4L%20front%201.27.18.jpg	WIKIDATA	https://www.wikidata.org/entity/Q978705
GMC Canyon	https://commons.wikimedia.org/wiki/Special:FilePath/2023%20GMC%20Canyon%20AT4%2C%20front%208.26.23.jpg	WIKIDATA	https://www.wikidata.org/entity/Q12063229
Buick Bengal	https://commons.wikimedia.org/wiki/Special:FilePath/2001%20Buick%20Bengal%20concept.jpg	WIKIDATA	https://www.wikidata.org/entity/Q4986350
Isuzu Ascender	https://commons.wikimedia.org/wiki/Special:FilePath/Isuzu-Ascender-5pass.jpg	WIKIDATA	https://www.wikidata.org/entity/Q1674938
SsangYong Chairman	https://commons.wikimedia.org/wiki/Special:FilePath/Ssangyong%20Chairman%20CW%20700%202008%20%2810108605325%29.jpg	WIKIDATA	https://www.wikidata.org/entity/Q1195172
Chery A11	https://commons.wikimedia.org/wiki/Special:FilePath/Chery%20SQR7160%20Windcloud.jpg	WIKIDATA	https://www.wikidata.org/entity/Q2335231
Geely Borui	https://commons.wikimedia.org/wiki/Special:FilePath/Geely%20Borui%20001.jpg	WIKIDATA	https://www.wikidata.org/entity/Q20072234
Great Wall Cowry	https://commons.wikimedia.org/wiki/Special:FilePath/Great%20Wall%20Cowry%202008%20%2812469043235%29.jpg	WIKIDATA	https://www.wikidata.org/entity/Q3115976
Haval H5	https://commons.wikimedia.org/wiki/Special:FilePath/Great%20Wall%20Haval%20H5%202.4L%204WD%202010.jpg	WIKIDATA	https://www.wikidata.org/entity/Q5600133
BYD F0	https://commons.wikimedia.org/wiki/Special:FilePath/BYD%20F0%20facelift%20--%20Auto%20China%20--%202014-04-23.jpg	WIKIDATA	https://www.wikidata.org/entity/Q616740
Mini (MkI)	https://commons.wikimedia.org/wiki/Special:FilePath/1963%20MkI%20Mini.jpg	WIKIDATA	https://www.wikidata.org/entity/Q6865001
Rover 100 series	https://commons.wikimedia.org/wiki/Special:FilePath/Rover%20111%20front%2020070924.jpg	WIKIDATA	https://www.wikidata.org/entity/Q1752779
Mercury Caliente	https://commons.wikimedia.org/wiki/Special:FilePath/1964%20Mercury%20Comet%20Caliente.jpg	WIKIDATA	https://www.wikidata.org/entity/Q1921523
Plymouth Barracuda	https://commons.wikimedia.org/wiki/Special:FilePath/%2770%20Plymouth%20Barracuda%20%28%2711%20Auto%20classique%20VAQ%20Mont%20St-Hilaire%29.JPG	WIKIDATA	https://www.wikidata.org/entity/Q594930
Holden Adventra	https://commons.wikimedia.org/wiki/Special:FilePath/2005-2006%20Holden%20Adventra%20%28VZ%29%20SX6%20station%20wagon%2C%20Ten%20Eyewitness%20News%20%282008-03-09%29.jpg	WIKIDATA	https://www.wikidata.org/entity/Q783655
Volkswagen Apollo	https://commons.wikimedia.org/wiki/Special:FilePath/Apollo%20guilherme.jpg	WIKIDATA	https://www.wikidata.org/entity/Q2506904
Toyota 4Runner	https://commons.wikimedia.org/wiki/Special:FilePath/Toyota%204Runner%202.4T%20SR5%202025.jpg	WIKIDATA	https://www.wikidata.org/entity/Q1342063
Ford EcoSport	https://commons.wikimedia.org/wiki/Special:FilePath/2018%20Ford%20EcoSport%20ST-Line%201.0%20%281%29.jpg	WIKIDATA	https://www.wikidata.org/entity/Q338888
Honda Accord	https://commons.wikimedia.org/wiki/Special:FilePath/Honda%20Accord%20Hybrid%20Touring%20CY2%20Urban%20Gray%20Pearl%20%285%29%20%28cropped%29.jpg	WIKIDATA	https://www.wikidata.org/entity/Q463632
Nissan 240SX	https://commons.wikimedia.org/wiki/Special:FilePath/1989-1990%20Nissan%20240SX.jpg	WIKIDATA	https://www.wikidata.org/entity/Q3274515
Mazda 323	https://commons.wikimedia.org/wiki/Special:FilePath/1980%20Mazda%20Familia%201.5%20XG%20%28BD%29%20at%20the%20TMS%202009-1.JPG	WIKIDATA	https://www.wikidata.org/entity/Q513292
Subaru 360	https://commons.wikimedia.org/wiki/Special:FilePath/1958%20Subaru%20360%2001.jpg	WIKIDATA	https://www.wikidata.org/entity/Q738269
Jeep Cherokee (XJ)	https://commons.wikimedia.org/wiki/Special:FilePath/Jeep%20Cherokee%20front%2020070928.jpg	WIKIDATA	https://www.wikidata.org/entity/Q8271454
Volvo 164	https://commons.wikimedia.org/wiki/Special:FilePath/Volvo%20164.jpg	WIKIDATA	https://www.wikidata.org/entity/Q948957
Buick Skyhawk	https://commons.wikimedia.org/wiki/Special:FilePath/Buick%20Skyhawk%204-door%20white.jpg	WIKIDATA	https://www.wikidata.org/entity/Q195318
Pontiac Astre	https://commons.wikimedia.org/wiki/Special:FilePath/73%20Astre.jpg	WIKIDATA	https://www.wikidata.org/entity/Q39215
Isuzu Aska	https://commons.wikimedia.org/wiki/Special:FilePath/1997%20Isuzu%20Aska%20sedan%2001.jpg	WIKIDATA	https://www.wikidata.org/entity/Q1275794
SsangYong Istana	https://commons.wikimedia.org/wiki/Special:FilePath/00%20SsangYong%20istana%201.jpg	WIKIDATA	https://www.wikidata.org/entity/Q1151547
Chery A13	https://commons.wikimedia.org/wiki/Special:FilePath/28%C2%BA%20Sal%C3%A3o%20Internacional%20do%20Autom%C3%B3vel%20de%20S%C3%A3o%20Paulo%20-%202014%20%2815543340217%29.jpg	WIKIDATA	https://www.wikidata.org/entity/Q1070495
Geely CD	https://commons.wikimedia.org/wiki/Special:FilePath/Geely%20Beauty%20Leopard%20at%20IAA%202005.jpg	WIKIDATA	https://www.wikidata.org/entity/Q1497679
Haval H6	https://commons.wikimedia.org/wiki/Special:FilePath/Havalh666-e1678218268854.jpg	WIKIDATA	https://www.wikidata.org/entity/Q12064314
BYD F3	https://commons.wikimedia.org/wiki/Special:FilePath/BYD%20Surui%20Sanming%2001%202022-08-12.jpg	WIKIDATA	https://www.wikidata.org/entity/Q797218
Mini Clubman	https://commons.wikimedia.org/wiki/Special:FilePath/Mini%20clubman.jpg	WIKIDATA	https://www.wikidata.org/entity/Q2342984
Mercury Capri	https://commons.wikimedia.org/wiki/Special:FilePath/1971%20Mercury%20Capri%20%2829776067015%29.jpg	WIKIDATA	https://www.wikidata.org/entity/Q887416
Plymouth Belmont	https://commons.wikimedia.org/wiki/Special:FilePath/Plymouth%20Belmont%20%284261739024%29.jpg	WIKIDATA	https://www.wikidata.org/entity/Q7205767
Holden Apollo	https://commons.wikimedia.org/wiki/Special:FilePath/1995%20Holden%20Apollo%20%28JM%29%20SLX%20sedan%20%282016-01-04%29%2001.jpg	WIKIDATA	https://www.wikidata.org/entity/Q1514821
Toyota 86	https://commons.wikimedia.org/wiki/Special:FilePath/Subaru%20BRZ%20%2C%20Toronto.jpg	WIKIDATA	https://www.wikidata.org/entity/Q1138779
Ford Scorpio	https://commons.wikimedia.org/wiki/Special:FilePath/Ford%20Scorpio%20front%2020080214.jpg	WIKIDATA	https://www.wikidata.org/entity/Q386201
Honda Accord (1997)	https://commons.wikimedia.org/wiki/Special:FilePath/Honda%20Accord%20CL3%20europe.jpg	WIKIDATA	https://www.wikidata.org/entity/Q1626473
Subaru Alcyone SVX	https://commons.wikimedia.org/wiki/Special:FilePath/1996%20Subaru%20SVX%20in%20Polo%20Green%20Pearl%2C%20front%20left.jpg	WIKIDATA	https://www.wikidata.org/entity/Q609454
Jeep CJ	https://commons.wikimedia.org/wiki/Special:FilePath/Jeep-CJ.jpg	WIKIDATA	https://www.wikidata.org/entity/Q1512553
Chrysler 300	https://commons.wikimedia.org/wiki/Special:FilePath/Chrysler%20300%20SRT8%20%28LX%29%20Washington%20DC%20Metro%20Area%2C%20USA.jpg	WIKIDATA	https://www.wikidata.org/entity/Q390055
GMC Denali XT	https://commons.wikimedia.org/wiki/Special:FilePath/GMC%20Denali%20XT%20NY.jpg	WIKIDATA	https://www.wikidata.org/entity/Q5513734
Buick Centurion	https://commons.wikimedia.org/wiki/Special:FilePath/1972%20Buick%20Centurion%20Formal%20Coupe%2C%20front%20left%20%282022%20Back%20to%20the%2050%27s%20Weekend%29.jpg	WIKIDATA	https://www.wikidata.org/entity/Q910477
Pontiac Aztek	https://commons.wikimedia.org/wiki/Special:FilePath/2003%20Pontiac%20Aztek%20AWD%2C%2008-23-2024.jpg	WIKIDATA	https://www.wikidata.org/entity/Q2103830
Isuzu Axiom	https://commons.wikimedia.org/wiki/Special:FilePath/Isuzu-Axiom.jpg	WIKIDATA	https://www.wikidata.org/entity/Q1674937
SsangYong Korando	https://commons.wikimedia.org/wiki/Special:FilePath/Ssangyong%20Korando%20e-Motion%20IMG%206214.jpg	WIKIDATA	https://www.wikidata.org/entity/Q1202300
Chery A15	https://commons.wikimedia.org/wiki/Special:FilePath/Chery%20A15.jpg	WIKIDATA	https://www.wikidata.org/entity/Q1070492
Geely CK	https://commons.wikimedia.org/wiki/Special:FilePath/Geely%20CK%20Cuba.jpg	WIKIDATA	https://www.wikidata.org/entity/Q1497711
Great Wall Florid	https://commons.wikimedia.org/wiki/Special:FilePath/GreatWall%20FLorid.JPG	WIKIDATA	https://www.wikidata.org/entity/Q1544393
BYD F3DM	https://commons.wikimedia.org/wiki/Special:FilePath/Bilbao%2005%202012%20BYD%20F3DM%202438.JPG	WIKIDATA	https://www.wikidata.org/entity/Q631892
Mini Cooper	https://upload.wikimedia.org/wikipedia/commons/thumb/a/a8/2021_Mini_Hatch_%28F56%29_John_Cooper_Works_1X7A0150.jpg/1280px-2021_Mini_Hatch_%28F56%29_John_Cooper_Works_1X7A0150.jpg?utm_source=commons.wikimedia.org&utm_campaign=imageinfo&utm_content=thumbnail	COMMONS	https://commons.wikimedia.org/wiki/File:2021_Mini_Hatch_(F56)_John_Cooper_Works_1X7A0150.jpg
Saab 9-2X	https://commons.wikimedia.org/wiki/Special:FilePath/Saab9-2x%20iota.jpg	WIKIDATA	https://www.wikidata.org/entity/Q420573
Holden Astra	https://commons.wikimedia.org/wiki/Special:FilePath/2005%20Holden%20Astra%20%28AH%20MY05%29%20CD%205-door%20hatchback%20%282015-08-07%29%2001.jpg	WIKIDATA	https://www.wikidata.org/entity/Q1030898
Volkswagen Bora	https://commons.wikimedia.org/wiki/Special:FilePath/2016%20FAW-Volkswagen%20Bora.jpg	WIKIDATA	https://www.wikidata.org/entity/Q1417237
Toyota Vellfire	https://commons.wikimedia.org/wiki/Special:FilePath/Toyota%20Vellfire%202.5%20%28IV%29%20%E2%80%93%20f%2022032025.jpg	WIKIDATA	https://www.wikidata.org/entity/Q385463
Honda Accord Euro R	https://commons.wikimedia.org/wiki/Special:FilePath/IHonda%20Accord-EuroR%20CL1%200098.JPG	WIKIDATA	https://www.wikidata.org/entity/Q11338232
Nissan 300ZX	https://commons.wikimedia.org/wiki/Special:FilePath/1992%20Nissan%20300ZX%20Turbo.jpg	WIKIDATA	https://www.wikidata.org/entity/Q13218302
Subaru Baja	https://commons.wikimedia.org/wiki/Special:FilePath/Subaru%20Baja%20DSC%202966.jpg	WIKIDATA	https://www.wikidata.org/entity/Q1425161
Chrysler 300M	https://commons.wikimedia.org/wiki/Special:FilePath/Chrysler%20300M.jpg	WIKIDATA	https://www.wikidata.org/entity/Q617415
GMC Envoy	https://commons.wikimedia.org/wiki/Special:FilePath/GMC--Envoy.jpg	WIKIDATA	https://www.wikidata.org/entity/Q1485939
SsangYong Korando Family	https://commons.wikimedia.org/wiki/Special:FilePath/Ssangyong%20Korando%20Family%20RX%20260%201995.jpg	WIKIDATA	https://www.wikidata.org/entity/Q12072562
Chery A3	https://commons.wikimedia.org/wiki/Special:FilePath/Chery%20A3%20at%20the%202010%20Guangzhou%20Motorshow.jpg	WIKIDATA	https://www.wikidata.org/entity/Q1070471
Geely Emgrand EC7	https://commons.wikimedia.org/wiki/Special:FilePath/Emgrand%20EC7%2001%20China%202012-04-15.jpg	WIKIDATA	https://www.wikidata.org/entity/Q391251
Great Wall Haval H3	https://commons.wikimedia.org/wiki/Special:FilePath/Great%20wall%20hover.jpg	WIKIDATA	https://www.wikidata.org/entity/Q1544394
BYD F3R	https://commons.wikimedia.org/wiki/Special:FilePath/BYD%20F3R%20automobile.jpg	WIKIDATA	https://www.wikidata.org/entity/Q797216
MG 3	https://commons.wikimedia.org/wiki/Special:FilePath/MG%203%20%283rd%20generation%29%20Automesse%20Ludwigsburg%202024%20IMG%201571%20%28cropped%29.jpg	WIKIDATA	https://www.wikidata.org/entity/Q772854
Mini Countryman	https://commons.wikimedia.org/wiki/Special:FilePath/Mini%20Countryman%20%28U25%29%20John%20Cooper%20Works%20IMG%200034.jpg	WIKIDATA	https://www.wikidata.org/entity/Q1578941
Saab 9-3	https://commons.wikimedia.org/wiki/Special:FilePath/Saab%209-3%20Aero%20MY14%2002.jpg	WIKIDATA	https://www.wikidata.org/entity/Q420807
Oldsmobile Achieva	https://commons.wikimedia.org/wiki/Special:FilePath/1997%20Oldsmobile%20Achieva%20SL.png	WIKIDATA	https://www.wikidata.org/entity/Q932527
Plymouth Breeze	https://commons.wikimedia.org/wiki/Special:FilePath/Plymouth%20Breeze%20.jpg	WIKIDATA	https://www.wikidata.org/entity/Q1290516
Holden Barina	https://commons.wikimedia.org/wiki/Special:FilePath/2018%20Holden%20Barina%20%28TM%20MY18%29%20LS%20hatchback%20%282018-10-22%29%2001.jpg	WIKIDATA	https://www.wikidata.org/entity/Q1624340
Volkswagen Bora (2007)	https://commons.wikimedia.org/wiki/Special:FilePath/Volkswagen%20Bora%20CN%20II%2001%20China%202012-05-20.jpg	WIKIDATA	https://www.wikidata.org/entity/Q12072925
Honda Acty	https://commons.wikimedia.org/wiki/Special:FilePath/HondaActy4th.jpg	WIKIDATA	https://www.wikidata.org/entity/Q654449
Nissan 350Z	https://commons.wikimedia.org/wiki/Special:FilePath/2003%20Nissan%20350Z%20%28Z33%29%20Track%20coupe%20%2819471915930%29.jpg	WIKIDATA	https://www.wikidata.org/entity/Q269036
Mazda 323 GTR	https://upload.wikimedia.org/wikipedia/commons/thumb/b/bb/Mazda_323_GTR_-_VHRS_-_ES5_-_Rallye_de_l%27Ard%C3%A8che_2024.jpg/1280px-Mazda_323_GTR_-_VHRS_-_ES5_-_Rallye_de_l%27Ard%C3%A8che_2024.jpg?utm_source=commons.wikimedia.org&utm_campaign=imageinfo&utm_content=thumbnail	COMMONS	https://commons.wikimedia.org/wiki/File:Mazda_323_GTR_-_VHRS_-_ES5_-_Rallye_de_l%27Ard%C3%A8che_2024.jpg
Subaru BRAT	https://commons.wikimedia.org/wiki/Special:FilePath/1994%20Subaru%20284%204WD%20pickup%20BRAT%20%2815958639684%29.jpg	WIKIDATA	https://www.wikidata.org/entity/Q2598667
Jeep Comanche	https://commons.wikimedia.org/wiki/Special:FilePath/Jeep-Comanche-Pioneer.jpg	WIKIDATA	https://www.wikidata.org/entity/Q6138797
Volvo 262C	https://commons.wikimedia.org/wiki/Special:FilePath/Silver%20volvo%20262%20front.jpg	WIKIDATA	https://www.wikidata.org/entity/Q1417558
GMC Granite	https://commons.wikimedia.org/wiki/Special:FilePath/GMC%20Granite%20concept%20--%202010%20DC.jpg	WIKIDATA	https://www.wikidata.org/entity/Q5513735
Buick Electra	https://commons.wikimedia.org/wiki/Special:FilePath/1965%20Buick%20Electra%20225%20%2825674105731%29.jpg	WIKIDATA	https://www.wikidata.org/entity/Q1002748
Pontiac Bonneville	https://commons.wikimedia.org/wiki/Special:FilePath/%2764%20Pontiac%20Bonneville%20Coupe%20%28Centropolis%20Laval%20%2710%29.jpg	WIKIDATA	https://www.wikidata.org/entity/Q83558
SsangYong Korando Sports	https://commons.wikimedia.org/wiki/Special:FilePath/SsangYong%20SUT%201%2C%202011.jpg	WIKIDATA	https://www.wikidata.org/entity/Q4050002
Chery A5	https://commons.wikimedia.org/wiki/Special:FilePath/Chery%20A5%20China%202012-05-01.JPG	WIKIDATA	https://www.wikidata.org/entity/Q1070482
Geely GC7	https://commons.wikimedia.org/wiki/Special:FilePath/Geely%20GC7%201.5%20GL%202016%20%2833502994981%29.jpg	WIKIDATA	https://www.wikidata.org/entity/Q12064270
Great Wall Peri	https://commons.wikimedia.org/wiki/Special:FilePath/Great%20Wall%20Peri.jpg	WIKIDATA	https://www.wikidata.org/entity/Q403651
BYD F6	https://commons.wikimedia.org/wiki/Special:FilePath/BYD%20F6%20Sanming%2001%202022-07-20.jpg	WIKIDATA	https://www.wikidata.org/entity/Q5832821
MG 350	https://commons.wikimedia.org/wiki/Special:FilePath/Roewe%20350%20China%202012-05-01.JPG	WIKIDATA	https://www.wikidata.org/entity/Q174414
Mini Coupé and Roadster	https://commons.wikimedia.org/wiki/Special:FilePath/2012%20Mini%20John%20Cooper%20Works%20Coupe%20--%2011-26-2011%20front.jpg	WIKIDATA	https://www.wikidata.org/entity/Q3858405
Saab 9-3 Cabriolet	https://commons.wikimedia.org/wiki/Special:FilePath/1st-Saab-9-3-Convertible.jpg	WIKIDATA	https://www.wikidata.org/entity/Q3460381
Rover 200	https://commons.wikimedia.org/wiki/Special:FilePath/1998.rover.200.arp.jpg	WIKIDATA	https://www.wikidata.org/entity/Q1857228
Mercury Commuter	https://commons.wikimedia.org/wiki/Special:FilePath/MERCURY%20COMMUTER%20dutch%20licence%20registration%20AM-75-80%20pic1.JPG	WIKIDATA	https://www.wikidata.org/entity/Q3855086
Oldsmobile Aerotech	https://commons.wikimedia.org/wiki/Special:FilePath/OldsAerotech.jpg	WIKIDATA	https://www.wikidata.org/entity/Q3881544
Holden Brougham	https://commons.wikimedia.org/wiki/Special:FilePath/1968-1969%20Holden%20HK%20Brougham%20sedan%2001.jpg	WIKIDATA	https://www.wikidata.org/entity/Q913680
Volkswagen Bora (China)	https://commons.wikimedia.org/wiki/Special:FilePath/2019%20FAW-Volkswagen%20Bora.jpg	WIKIDATA	https://www.wikidata.org/entity/Q10392360
Honda Airwave	https://commons.wikimedia.org/wiki/Special:FilePath/2005-2008%20Honda%20Airwave.jpg	WIKIDATA	https://www.wikidata.org/entity/Q3134093
Nissan 370Z	https://commons.wikimedia.org/wiki/Special:FilePath/Nismo%20370Z%20DSC%208254.jpg	WIKIDATA	https://www.wikidata.org/entity/Q936668
Mazda 323F	https://commons.wikimedia.org/wiki/Special:FilePath/Mazda%20323F%20Astina%20%2812164820634%29.jpg	WIKIDATA	https://www.wikidata.org/entity/Q3354475
Subaru BRZ	https://commons.wikimedia.org/wiki/Special:FilePath/Subaru%20BRZ%20%28ZD8%29%20IMG%200771.jpg	WIKIDATA	https://www.wikidata.org/entity/Q3502403
Jeep Commander	https://commons.wikimedia.org/wiki/Special:FilePath/Jeep%20Commander%204.7%20Limited%202006%20%2810318160225%29.jpg	WIKIDATA	https://www.wikidata.org/entity/Q1563979
Dodge 330	https://commons.wikimedia.org/wiki/Special:FilePath/Dodge%20330%20Model.jpg	WIKIDATA	https://www.wikidata.org/entity/Q2768484
Buick Envision	https://commons.wikimedia.org/wiki/Special:FilePath/Buick%20Envision%20Plus%20IMG001.jpg	WIKIDATA	https://www.wikidata.org/entity/Q17461003
Pontiac Can Am	https://commons.wikimedia.org/wiki/Special:FilePath/3%20Can%20Ams%20at%20Norwalk%2030th%20Anniv.JPG	WIKIDATA	https://www.wikidata.org/entity/Q7228224
SsangYong Kyron	https://commons.wikimedia.org/wiki/Special:FilePath/SsangYong%20Kyron%20Facelift.JPG	WIKIDATA	https://www.wikidata.org/entity/Q1147961
Chery E5	https://commons.wikimedia.org/wiki/Special:FilePath/Chery%20E5%202%20China%202015-04-21.jpg	WIKIDATA	https://www.wikidata.org/entity/Q5092669
Geely GE	https://commons.wikimedia.org/wiki/Special:FilePath/Geely%20GE%20concept%20car%20-%20Auto%20Shanghai%202011.jpg	WIKIDATA	https://www.wikidata.org/entity/Q3100086
BYD F6DM	https://commons.wikimedia.org/wiki/Special:FilePath/BYD%20F6DM.jpg	WIKIDATA	https://www.wikidata.org/entity/Q797228
MG 5	https://commons.wikimedia.org/wiki/Special:FilePath/MG%205%2001%20China%202012-04-14.JPG	WIKIDATA	https://www.wikidata.org/entity/Q4043416
Mini E	https://commons.wikimedia.org/wiki/Special:FilePath/Mini%20E%20--%202010%20DC.jpg	WIKIDATA	https://www.wikidata.org/entity/Q6865039
Saab 9-3 Sport-Hatch	https://commons.wikimedia.org/wiki/Special:FilePath/Saab%209-3%20Sport%20Combi%20Vector%201.9%20TiD.JPG	WIKIDATA	https://www.wikidata.org/entity/Q3460382
Rover 200 Coupé	https://commons.wikimedia.org/wiki/Special:FilePath/Rover%20Coup%C3%A8.jpg	WIKIDATA	https://www.wikidata.org/entity/Q7371684
Mercury Cougar	https://commons.wikimedia.org/wiki/Special:FilePath/1997%20Mercury%20Cougar%20XR7%20Sport%20in%20Silver%20Frost.jpg	WIKIDATA	https://www.wikidata.org/entity/Q764093
Oldsmobile Alero	https://commons.wikimedia.org/wiki/Special:FilePath/Oldsmobile%20Alero%20sedan%20--%2003-16-2012.JPG	WIKIDATA	https://www.wikidata.org/entity/Q964261
Holden Camira	https://commons.wikimedia.org/wiki/Special:FilePath/1987%20Holden%20Camira%20%28JD%29%20SLE%20sedan%20%282015-07-14%29%2001.jpg	WIKIDATA	https://www.wikidata.org/entity/Q915531
Toyota AE	https://upload.wikimedia.org/wikipedia/commons/thumb/1/1a/TOYOTA_AE_86_%281983%29.jpg/1280px-TOYOTA_AE_86_%281983%29.jpg?utm_source=commons.wikimedia.org&utm_campaign=imageinfo&utm_content=thumbnail	COMMONS	https://commons.wikimedia.org/wiki/File:TOYOTA_AE_86_(1983).jpg
Honda Amaze	https://commons.wikimedia.org/wiki/Special:FilePath/Honda%20Amaze%202018%20%28front%29%20in%20Uttar%20Pradesh.jpg	WIKIDATA	https://www.wikidata.org/entity/Q11338295
Nissan Violet	https://commons.wikimedia.org/wiki/Special:FilePath/1987-1989%20Nissan%20Stanza%20GXE.jpg	WIKIDATA	https://www.wikidata.org/entity/Q375074
Mazda 5	https://commons.wikimedia.org/wiki/Special:FilePath/Mazda%205%20front%2020080222.jpg	WIKIDATA	https://www.wikidata.org/entity/Q913607
Subaru Exiga	https://commons.wikimedia.org/wiki/Special:FilePath/2012%20Subaru%20Liberty%20Exiga%20%28YA9%20MY13%29%20wagon%20%282015-07-24%29%2001.jpg	WIKIDATA	https://www.wikidata.org/entity/Q514841
Jeep Compass	https://commons.wikimedia.org/wiki/Special:FilePath/Jeep%20Compass%20%28J4U%29%20IMG%205727.jpg	WIKIDATA	https://www.wikidata.org/entity/Q1686208
Volvo 360	https://upload.wikimedia.org/wikipedia/commons/thumb/6/69/Volvo_360_GLT_Injection_Special_25_in_Zug.jpg/1280px-Volvo_360_GLT_Injection_Special_25_in_Zug.jpg?utm_source=commons.wikimedia.org&utm_campaign=imageinfo&utm_content=thumbnail	COMMONS	https://commons.wikimedia.org/wiki/File:Volvo_360_GLT_Injection_Special_25_in_Zug.jpg
Dodge 3700	https://commons.wikimedia.org/wiki/Special:FilePath/1972%20Dodge%203700%20GT%20%286126400909%29.jpg	WIKIDATA	https://www.wikidata.org/entity/Q5812309
GMC Sierra	https://commons.wikimedia.org/wiki/Special:FilePath/2023%20GMC%20Sierra%202500%20Denali%20HD%20Ultimate%20in%20Titanium%20Rush%20Metallic%2C%20front%20left.jpg	WIKIDATA	https://www.wikidata.org/entity/Q1485946
Buick Estate	https://commons.wikimedia.org/wiki/Special:FilePath/Buick%20Roadmaster%20Wagon.jpg	WIKIDATA	https://www.wikidata.org/entity/Q1002745
Pontiac Catalina	https://commons.wikimedia.org/wiki/Special:FilePath/Pontiac%20Catalina%20front.jpg	WIKIDATA	https://www.wikidata.org/entity/Q193986
Isuzu D-Max	https://commons.wikimedia.org/wiki/Special:FilePath/2024%20Isuzu%20D-Max%20%28third%20generation%29%20GIMS%202024%201X7A2056.jpg	WIKIDATA	https://www.wikidata.org/entity/Q1674944
SsangYong Musso	https://commons.wikimedia.org/wiki/Special:FilePath/Ssangyong%20Grand%20Musso%20220%20eXDi%20LX%202023%20%2854160561094%29.jpg	WIKIDATA	https://www.wikidata.org/entity/Q1193727
Chery Karry	https://upload.wikimedia.org/wikipedia/commons/thumb/5/55/2016_Chery_Karry_K50%2C_front_8.14.18.jpg/1280px-2016_Chery_Karry_K50%2C_front_8.14.18.jpg?utm_source=commons.wikimedia.org&utm_campaign=imageinfo&utm_content=thumbnail	COMMONS	https://commons.wikimedia.org/wiki/File:2016_Chery_Karry_K50,_front_8.14.18.jpg
Geely GX2	https://commons.wikimedia.org/wiki/Special:FilePath/Gleagle%20GX2%20001.jpg	WIKIDATA	https://www.wikidata.org/entity/Q20072235
Great Wall Sailor	https://commons.wikimedia.org/wiki/Special:FilePath/Great%20Wall%20Sailor%20facelift%20II%20China%202017-03-29.jpg	WIKIDATA	https://www.wikidata.org/entity/Q3115979
BYD Flyer	https://commons.wikimedia.org/wiki/Special:FilePath/BYD%20Flyer%20in%20a%20parking%20lot%201.jpg	WIKIDATA	https://www.wikidata.org/entity/Q797230
MG 6	https://commons.wikimedia.org/wiki/Special:FilePath/MG6%20f.jpg	WIKIDATA	https://www.wikidata.org/entity/Q1253798
Mini Hatch	https://commons.wikimedia.org/wiki/Special:FilePath/Mini%20Hatch%20%28J01%29%20John%20Cooper%20Works%20DSC%209696.jpg	WIKIDATA	https://www.wikidata.org/entity/Q11781425
Saab 9-3X	https://commons.wikimedia.org/wiki/Special:FilePath/Saab%209-3X%20%E2%80%93%20Frontansicht%2C%2013.%20M%C3%A4rz%202011%2C%20Wuppertal.jpg	WIKIDATA	https://www.wikidata.org/entity/Q420925
Mercury Cougar XR-7	https://commons.wikimedia.org/wiki/Special:FilePath/1968%20Cougar%20XR7%20burgundy%20fl.jpg	WIKIDATA	https://www.wikidata.org/entity/Q1312222
Oldsmobile Vista Cruiser	https://commons.wikimedia.org/wiki/Special:FilePath/1966%20Oldsmobile%20Vista%20Cruiser%20%285279666074%29.jpg	WIKIDATA	https://www.wikidata.org/entity/Q517677
Holden Caprice	https://commons.wikimedia.org/wiki/Special:FilePath/2016%20Holden%20Caprice%20%28WN%20II%29%20V%20sedan%20%282018-03-26%29%2001.jpg	WIKIDATA	https://www.wikidata.org/entity/Q1624389
Volkswagen Caddy Typ 14	https://commons.wikimedia.org/wiki/Special:FilePath/20041020%201303%201539-VW%20Golf1-Caddy.jpg	WIKIDATA	https://www.wikidata.org/entity/Q18510639
Toyota AE85	https://commons.wikimedia.org/wiki/Special:FilePath/1983%20Toyota%20Corolla-Levin%2001.jpg	WIKIDATA	https://www.wikidata.org/entity/Q7830735
Ford Aerostar	https://commons.wikimedia.org/wiki/Special:FilePath/Ford%20Aerostar%20LWB%201992-97.jpg	WIKIDATA	https://www.wikidata.org/entity/Q1389152
Honda Ascot	https://commons.wikimedia.org/wiki/Special:FilePath/1st%20Honda%20Ascot.jpg	WIKIDATA	https://www.wikidata.org/entity/Q764579
Nissan AD	https://commons.wikimedia.org/wiki/Special:FilePath/Nissan%20NV150%20AD%20VE%20%28DBF-VY12%29%20front.jpg	WIKIDATA	https://www.wikidata.org/entity/Q11509793
Mazda 626	https://commons.wikimedia.org/wiki/Special:FilePath/Mazda--626.jpg	WIKIDATA	https://www.wikidata.org/entity/Q1542973
Subaru FF-1 Star	https://commons.wikimedia.org/wiki/Special:FilePath/Subaruff-1.jpg	WIKIDATA	https://www.wikidata.org/entity/Q181905
Jeep DJ	https://commons.wikimedia.org/wiki/Special:FilePath/Jeep-dj5.jpg	WIKIDATA	https://www.wikidata.org/entity/Q1422736
Volvo 400-series	https://commons.wikimedia.org/wiki/Special:FilePath/Volvo%20440%20red.JPG	WIKIDATA	https://www.wikidata.org/entity/Q10043877
Dodge 400	https://commons.wikimedia.org/wiki/Special:FilePath/Dodge%20400.jpg	WIKIDATA	https://www.wikidata.org/entity/Q339524
GMC Sonoma	https://commons.wikimedia.org/wiki/Special:FilePath/2002%20GMC%20Sonoma%20SLS%204WD%20Crew%20Cab%2C%20front%20left%2C%2011-24-2023.jpg	WIKIDATA	https://www.wikidata.org/entity/Q10287221
Buick Excelle	https://commons.wikimedia.org/wiki/Special:FilePath/Buick%20Excelle%20XT%20China%202012-04-15.JPG	WIKIDATA	https://www.wikidata.org/entity/Q1002735
Isuzu Fargo	https://commons.wikimedia.org/wiki/Special:FilePath/Isuzu%20Fargo%20Truck%20003.JPG	WIKIDATA	https://www.wikidata.org/entity/Q633485
SsangYong Rexton	https://commons.wikimedia.org/wiki/Special:FilePath/SsangYong%20Rexton%20%282nd%20generation%29%20Facelift%20Automesse%20Ludwigsburg%202022%201X7A5964.jpg	WIKIDATA	https://www.wikidata.org/entity/Q1141171
Chery V5	https://commons.wikimedia.org/wiki/Special:FilePath/Chery%20Cross%20Eastar%20in%20China.jpg	WIKIDATA	https://www.wikidata.org/entity/Q1070507
Great Wall Voleex C10	https://commons.wikimedia.org/wiki/Special:FilePath/Great%20Wall%20Voleex%20C10.jpg	WIKIDATA	https://www.wikidata.org/entity/Q1544387
BYD G3	https://commons.wikimedia.org/wiki/Special:FilePath/BYD%20G3%2001%20China%202019-03-17.jpg	WIKIDATA	https://www.wikidata.org/entity/Q797223
MG 7	https://commons.wikimedia.org/wiki/Special:FilePath/MG%207%20II%20001.jpg	WIKIDATA	https://www.wikidata.org/entity/Q780656
Mini Hatch (F56)	https://commons.wikimedia.org/wiki/Special:FilePath/Mini%20registered%20March%202014%201499cc.JPG	WIKIDATA	https://www.wikidata.org/entity/Q17635143
Saab 9-4X	https://commons.wikimedia.org/wiki/Special:FilePath/2011%20Saab%209-4x.jpg	WIKIDATA	https://www.wikidata.org/entity/Q45180
Rover 400 / 45	https://commons.wikimedia.org/wiki/Special:FilePath/Rover%2045%20blue%20vl.jpg	WIKIDATA	https://www.wikidata.org/entity/Q928907
Oldsmobile Aurora	https://commons.wikimedia.org/wiki/Special:FilePath/1997%20Oldsmobile%20Aurora.jpg	WIKIDATA	https://www.wikidata.org/entity/Q2018846
Plymouth Caravelle	https://commons.wikimedia.org/wiki/Special:FilePath/Plymouth%20Caravelle%2C%2083-85.png	WIKIDATA	https://www.wikidata.org/entity/Q624936
Holden Captiva	https://commons.wikimedia.org/wiki/Special:FilePath/2017%20Holden%20Captiva%20%28CG%20MY17%29%20Active%202WD%20wagon%20%282018-08-06%29%2001.jpg	WIKIDATA	https://www.wikidata.org/entity/Q1624336
Volkswagen Caddy Typ 2K	https://commons.wikimedia.org/wiki/Special:FilePath/VW%20Caddy%20front%2020071026.jpg	WIKIDATA	https://www.wikidata.org/entity/Q18510655
Toyota AE86	https://commons.wikimedia.org/wiki/Special:FilePath/New%20stock%20ae86%20coupe.jpg	WIKIDATA	https://www.wikidata.org/entity/Q1377219
Ford Anglia	https://commons.wikimedia.org/wiki/Special:FilePath/%2765%20Ford%20Anglia%20L200%20Coupe%20%28Orange%20Julep%29.JPG	WIKIDATA	https://www.wikidata.org/entity/Q1133667
Honda Avancier	https://commons.wikimedia.org/wiki/Special:FilePath/2001%20Honda%20Avancier%2001.jpg	WIKIDATA	https://www.wikidata.org/entity/Q1501989
Nissan Almera	https://commons.wikimedia.org/wiki/Special:FilePath/2023%20Nissan%20Almera%201.0%20VL%20Turbo%20in%20Moon%20Pearl%20Gray%2C%2006-20-2024.jpg	WIKIDATA	https://www.wikidata.org/entity/Q1141759
Mazda 800	https://commons.wikimedia.org/wiki/Special:FilePath/1966%20Mazda%20Familia%204-dr%20sedan%20%28SSA%29.jpg	WIKIDATA	https://www.wikidata.org/entity/Q1914587
Subaru Forester	https://commons.wikimedia.org/wiki/Special:FilePath/2025%20Subaru%20Forester%20Hybrid%20Touring%20in%20Brilliant%20Bronze%20Metallic%2C%20front%20right.jpg	WIKIDATA	https://www.wikidata.org/entity/Q1324599
Volvo 440/460	https://commons.wikimedia.org/wiki/Special:FilePath/Volvo%20440%20red.JPG	WIKIDATA	https://www.wikidata.org/entity/Q1755083
Dodge 440	https://commons.wikimedia.org/wiki/Special:FilePath/1963%20Dodge%20440%20%287457997584%29.jpg	WIKIDATA	https://www.wikidata.org/entity/Q5287833
GMC Sprint	https://commons.wikimedia.org/wiki/Special:FilePath/%2774%20GMC%20Sprint%20%28Toronto%20Spring%20%2712%20Classic%20Car%20Auction%29.JPG	WIKIDATA	https://www.wikidata.org/entity/Q5513742
Buick GL8	https://commons.wikimedia.org/wiki/Special:FilePath/BUICK%20GL8%20LS%20%285%29.jpg	WIKIDATA	https://www.wikidata.org/entity/Q1002754
Isuzu Faster	https://commons.wikimedia.org/wiki/Special:FilePath/1986%20Isuzu%20P%27up%20%2832108160003%29.jpg	WIKIDATA	https://www.wikidata.org/entity/Q1674949
SsangYong Rodius	https://commons.wikimedia.org/wiki/Special:FilePath/SsangYong%20Rodius%20SV%20200%202.0%20e-XDi%20front.jpg	WIKIDATA	https://www.wikidata.org/entity/Q734363
Chery X1	https://commons.wikimedia.org/wiki/Special:FilePath/2014%20Chery%20IndiS%20%28S18D%29%20white%20front.jpg	WIKIDATA	https://www.wikidata.org/entity/Q4036092
Geely KingKong	https://commons.wikimedia.org/wiki/Special:FilePath/Geely%20Jingang%20facelift%20China%202012-04-15.jpg	WIKIDATA	https://www.wikidata.org/entity/Q1013397
Great Wall Voleex C30	https://commons.wikimedia.org/wiki/Special:FilePath/2010%20Great%20Wall%20Voleex%20C30.jpg	WIKIDATA	https://www.wikidata.org/entity/Q40098
BYD G6	https://commons.wikimedia.org/wiki/Special:FilePath/BYD%20G6%20--%20Auto%20Chongqing%20--%202012-06-07.jpg	WIKIDATA	https://www.wikidata.org/entity/Q12062571
MG C	https://upload.wikimedia.org/wikipedia/commons/1/17/MG_6_rear.jpg?utm_source=commons.wikimedia.org&utm_campaign=imageinfo&utm_content=thumbnail_unscaled	COMMONS	https://commons.wikimedia.org/wiki/File:MG_6_rear.jpg
Rover 45	https://commons.wikimedia.org/wiki/Special:FilePath/Rover%2045%20Liftback%20Facelift%20-%20Pelplin%202010.jpg	WIKIDATA	https://www.wikidata.org/entity/Q1131738
Vauxhall Belmont	https://commons.wikimedia.org/wiki/Special:FilePath/Vauxhall%20Belmont%20outside%20a%20church%20in%20Cambridge.jpg	WIKIDATA	https://www.wikidata.org/entity/Q452525
Oldsmobile Bravada	https://commons.wikimedia.org/wiki/Special:FilePath/02-04%20Oldsmobile%20Bravada.jpg	WIKIDATA	https://www.wikidata.org/entity/Q2018849
Holden Commodore	https://commons.wikimedia.org/wiki/Special:FilePath/2018%20Holden%20Commodore%20%28ZB%20MY18%29%20LT%20sedan%20%282018-08-06%29%2001.jpg	WIKIDATA	https://www.wikidata.org/entity/Q1422924
Volkswagen Caddy Typ 9K	https://commons.wikimedia.org/wiki/Special:FilePath/VW%20Caddy%20II%20front%2020090329.jpg	WIKIDATA	https://www.wikidata.org/entity/Q18510648
Toyota Allion	https://commons.wikimedia.org/wiki/Special:FilePath/2001-2004%20Toyota%20Allion.jpg	WIKIDATA	https://www.wikidata.org/entity/Q1197010
Ford Landau Australia	https://commons.wikimedia.org/wiki/Special:FilePath/1975%20Ford%20Landau%20%28P5%29%20coupe%20%2819102673449%29.jpg	WIKIDATA	https://www.wikidata.org/entity/Q427950
Nissan Almera Tino	https://commons.wikimedia.org/wiki/Special:FilePath/Nissan%20Almera%20Tino%20front%2020090301.jpg	WIKIDATA	https://www.wikidata.org/entity/Q2092725
Mazda 929	https://commons.wikimedia.org/wiki/Special:FilePath/Mazda%20929%201984.JPG	WIKIDATA	https://www.wikidata.org/entity/Q6005605
Subaru G	https://commons.wikimedia.org/wiki/Special:FilePath/Subaru%201300G%20001.JPG	WIKIDATA	https://www.wikidata.org/entity/Q4387028
Volvo 460	https://commons.wikimedia.org/wiki/Special:FilePath/Volvo460.JPG	WIKIDATA	https://www.wikidata.org/entity/Q1938305
Dodge 600	https://commons.wikimedia.org/wiki/Special:FilePath/%2786-%2787%20Dodge%20600%20Convertible.jpg	WIKIDATA	https://www.wikidata.org/entity/Q1234126
GMC Syclone	https://commons.wikimedia.org/wiki/Special:FilePath/1991GMCSyclone.jpg	WIKIDATA	https://www.wikidata.org/entity/Q1340926
Buick Grand National	https://upload.wikimedia.org/wikipedia/commons/thumb/f/ff/2024_Downtown_West_Allis_Classic_Car_Show_36_%281986_Buick_Grand_National%29.jpg/1280px-2024_Downtown_West_Allis_Classic_Car_Show_36_%281986_Buick_Grand_National%29.jpg?utm_source=commons.wikimedia.org&utm_campaign=imageinfo&utm_content=thumbnail	COMMONS	https://commons.wikimedia.org/wiki/File:2024_Downtown_West_Allis_Classic_Car_Show_36_(1986_Buick_Grand_National).jpg
Pontiac Custom S	https://commons.wikimedia.org/wiki/Special:FilePath/CustomS001.jpg	WIKIDATA	https://www.wikidata.org/entity/Q7228228
Isuzu Filly	https://commons.wikimedia.org/wiki/Special:FilePath/ISUZU%20FILLY1.jpg	WIKIDATA	https://www.wikidata.org/entity/Q11259318
SsangYong Tivoli	https://commons.wikimedia.org/wiki/Special:FilePath/KGM%20Tivoli%20DSC%202941.jpg	WIKIDATA	https://www.wikidata.org/entity/Q18605863
Geely LC	https://commons.wikimedia.org/wiki/Special:FilePath/Geely%20lc%202011.jpg	WIKIDATA	https://www.wikidata.org/entity/Q5529884
Great Wall Voleex C50	https://commons.wikimedia.org/wiki/Special:FilePath/Great%20Wall%20Voleex%20C50%20China%202012-06-02.jpg	WIKIDATA	https://www.wikidata.org/entity/Q5600141
BYD L3	https://commons.wikimedia.org/wiki/Special:FilePath/2010%20BYD%20L3.jpg	WIKIDATA	https://www.wikidata.org/entity/Q797220
Saab 9-7X	https://commons.wikimedia.org/wiki/Special:FilePath/2006%20Saab%209-7X%20blue.jpg	WIKIDATA	https://www.wikidata.org/entity/Q420787
Mercury Cyclone	https://commons.wikimedia.org/wiki/Special:FilePath/1971%20Mercury%20Montego%20Cyclone.jpg	WIKIDATA	https://www.wikidata.org/entity/Q120125
Volkswagen Caddy Typ 9U	https://commons.wikimedia.org/wiki/Special:FilePath/VW%20Caddy%209U%20Pick-up%201996-2000%20frontright%202008-03-23%20U.jpg	WIKIDATA	https://www.wikidata.org/entity/Q18510651
Toyota Alphard	https://commons.wikimedia.org/wiki/Special:FilePath/Toyota%20ALPHARD%20HYBRID%20Executive%20Lounge%20E-Four%20%286AA-AAHH45W-PFXVB%29%20front.jpg	WIKIDATA	https://www.wikidata.org/entity/Q1582046
Honda Beat	https://commons.wikimedia.org/wiki/Special:FilePath/Honda%20Beat.jpg	WIKIDATA	https://www.wikidata.org/entity/Q652712
Nissan Altima	https://commons.wikimedia.org/wiki/Special:FilePath/2023%20Nissan%20Altima%20SR.png	WIKIDATA	https://www.wikidata.org/entity/Q636791
Subaru Impreza	https://commons.wikimedia.org/wiki/Special:FilePath/Subaru%20Impreza%20%28GU%29%20Auto%20Zuerich%202023%201X7A1263.jpg	WIKIDATA	https://www.wikidata.org/entity/Q391342
Jeep Gladiator	https://commons.wikimedia.org/wiki/Special:FilePath/Jeep%20Gladiator%20%28JT%29%20IMG%203988.jpg	WIKIDATA	https://www.wikidata.org/entity/Q1686209
Volvo 480	https://commons.wikimedia.org/wiki/Special:FilePath/Volvo%20480%20red%20vr%20TCE.jpg	WIKIDATA	https://www.wikidata.org/entity/Q580813
GMC Typhoon	https://commons.wikimedia.org/wiki/Special:FilePath/92typhoon.jpg	WIKIDATA	https://www.wikidata.org/entity/Q1485944
Buick GSX	https://upload.wikimedia.org/wikipedia/commons/thumb/d/d6/1971_Buick_GSX_rear_right%2C_Poughkeepsie.jpg/1280px-1971_Buick_GSX_rear_right%2C_Poughkeepsie.jpg?utm_source=commons.wikimedia.org&utm_campaign=imageinfo&utm_content=thumbnail	COMMONS	https://commons.wikimedia.org/wiki/File:1971_Buick_GSX_rear_right,_Poughkeepsie.jpg
SsangYong WZ	https://commons.wikimedia.org/wiki/Special:FilePath/SsangYong%20Wz%20Front.JPG	WIKIDATA	https://www.wikidata.org/entity/Q7586633
Chery QQ6	https://commons.wikimedia.org/wiki/Special:FilePath/2006%20Chery%20QQ6%20%28front%29.jpg	WIKIDATA	https://www.wikidata.org/entity/Q1070499
Great Wall Wingle	https://commons.wikimedia.org/wiki/Special:FilePath/GreatWall%20Wingle%202008.jpg	WIKIDATA	https://www.wikidata.org/entity/Q2354579
BYD M6 (2010)	https://commons.wikimedia.org/wiki/Special:FilePath/BYD%20M6%20facelift%2001%20China%202014-04-28.jpg	WIKIDATA	https://www.wikidata.org/entity/Q40434
MG D-type	https://commons.wikimedia.org/wiki/Special:FilePath/MG%20D-Type%201932.jpg	WIKIDATA	https://www.wikidata.org/entity/Q2624144
Mini Paceman	https://commons.wikimedia.org/wiki/Special:FilePath/Mini%20Paceman%20%28R61%29%20DSC%208796.jpg	WIKIDATA	https://www.wikidata.org/entity/Q977805
Rover 600 Series	https://commons.wikimedia.org/wiki/Special:FilePath/Rover%20600%2001.jpg	WIKIDATA	https://www.wikidata.org/entity/Q1421449
Mercury Cyclone Spoiler II	https://commons.wikimedia.org/wiki/Special:FilePath/Mercury%20Cyclone%20Spoiler%20II%20Dan%20Gurney.jpg	WIKIDATA	https://www.wikidata.org/entity/Q16988988
Oldsmobile Custom Cruiser	https://commons.wikimedia.org/wiki/Special:FilePath/2nd-Oldsmobile-Custom-Cruiser.jpg	WIKIDATA	https://www.wikidata.org/entity/Q1535891
Holden Commodore (VC)	https://commons.wikimedia.org/wiki/Special:FilePath/1980-1981%20Holden%20VC%20Commodore%20L%20station%20wagon%2001.jpg	WIKIDATA	https://www.wikidata.org/entity/Q917466
Toyota Altezza	https://commons.wikimedia.org/wiki/Special:FilePath/Toyota%20Altezza%20sedan.jpg	WIKIDATA	https://www.wikidata.org/entity/Q11278978
Ford AU Falcon	https://commons.wikimedia.org/wiki/Special:FilePath/2001%20Ford%20Fairmont%20%28AU%20III%29%20sedan%20%2823230030334%29.jpg	WIKIDATA	https://www.wikidata.org/entity/Q3747964
Honda Brio	https://commons.wikimedia.org/wiki/Special:FilePath/2023%20Honda%20Brio%20Satya%20E%20%28front%20left%29%2C%20Citraland%2C%20West%20Surabaya.jpg	WIKIDATA	https://www.wikidata.org/entity/Q3271160
Nissan Maxima	https://commons.wikimedia.org/wiki/Special:FilePath/2009%20Nissan%20Maxima%20SV.jpg	WIKIDATA	https://www.wikidata.org/entity/Q377287
Mazda AZ-Offroad	https://commons.wikimedia.org/wiki/Special:FilePath/Mazda%20AZ-Offroad%20001.JPG	WIKIDATA	https://www.wikidata.org/entity/Q1567284
Subaru Impreza (2007)	https://commons.wikimedia.org/wiki/Special:FilePath/2008%20Subaru%20Impreza%20%28GH7%20MY08%29%20RS%20hatchback%20%282009-08-21%29%2001.jpg	WIKIDATA	https://www.wikidata.org/entity/Q3976483
Jeep Grand Cherokee (WJ)	https://commons.wikimedia.org/wiki/Special:FilePath/Jeep%20Grand%20Cherokee%20WJ%2034h.jpg	WIKIDATA	https://www.wikidata.org/entity/Q15977233
Volvo 66	https://commons.wikimedia.org/wiki/Special:FilePath/Daf%20volvo%2066.jpg	WIKIDATA	https://www.wikidata.org/entity/Q1754746
GMC Terradyne	https://commons.wikimedia.org/wiki/Special:FilePath/GMCTerradyne.jpg	WIKIDATA	https://www.wikidata.org/entity/Q5513745
Geely Yuanjing X6	https://commons.wikimedia.org/wiki/Special:FilePath/Emgrand%20EX7%202.0%20GL%202013%20%2811214246974%29.jpg	WIKIDATA	https://www.wikidata.org/entity/Q12064268
BYD Qin	https://commons.wikimedia.org/wiki/Special:FilePath/BYD%20Qin%20Pro%20003.jpg	WIKIDATA	https://www.wikidata.org/entity/Q4836871
Rover 75 R40	https://commons.wikimedia.org/wiki/Special:FilePath/Rover%2075.jpg	WIKIDATA	https://www.wikidata.org/entity/Q1352054
Vauxhall Chevette	https://commons.wikimedia.org/wiki/Special:FilePath/Vintage%20car%20at%20the%20Wirral%20Bus%20%26%20Tram%20Show%20-%20DSC03336.JPG	WIKIDATA	https://www.wikidata.org/entity/Q1755698
Oldsmobile Cutlass	https://commons.wikimedia.org/wiki/Special:FilePath/1971%20Cutlass%20Supreme%20convertible.JPG	WIKIDATA	https://www.wikidata.org/entity/Q1379348
Toyota Aristo	https://commons.wikimedia.org/wiki/Special:FilePath/1999%20Toyota%20Aristo%20V300%20Vertex%20Edition%203.0%20Front.jpg	WIKIDATA	https://www.wikidata.org/entity/Q11321627
Ford Laser	https://commons.wikimedia.org/wiki/Special:FilePath/1982%20Ford%20Laser%20%28KA%29%20Ghia%205-door%20hatchback%20%2822643862523%29.jpg	WIKIDATA	https://www.wikidata.org/entity/Q202858
Honda Capa	https://commons.wikimedia.org/wiki/Special:FilePath/Honda-capa%201st-front.jpg	WIKIDATA	https://www.wikidata.org/entity/Q1550350
Subaru Impreza 22B STi-Version	https://commons.wikimedia.org/wiki/Special:FilePath/Subaru%20Impreza%2022B%20STi.jpg	WIKIDATA	https://www.wikidata.org/entity/Q2454795
Jeep Grand Cherokee (WK)	https://commons.wikimedia.org/wiki/Special:FilePath/3rd-Jeep-Grand-Cherokee.jpg	WIKIDATA	https://www.wikidata.org/entity/Q15977237
Chrysler Aspen	https://commons.wikimedia.org/wiki/Special:FilePath/Chrysler%20012.jpg	WIKIDATA	https://www.wikidata.org/entity/Q1088610
Dodge Aspen	https://commons.wikimedia.org/wiki/Special:FilePath/Dodge%20Aspen%202-door%20sedan%20brown.jpg	WIKIDATA	https://www.wikidata.org/entity/Q766692
GMC Terrain	https://commons.wikimedia.org/wiki/Special:FilePath/2019%20GMC%20Terrain%20Denali%2C%20front%202.29.20.jpg	WIKIDATA	https://www.wikidata.org/entity/Q1485959
BMW 1 Series	https://commons.wikimedia.org/wiki/Special:FilePath/BMW%20F40%201X7A1835.jpg	WIKIDATA	https://www.wikidata.org/entity/Q796395
Lexus CT	https://commons.wikimedia.org/wiki/Special:FilePath/2020%20Lexus%20CT%20200H%20F%20Sport%20CVT.jpg	WIKIDATA	https://www.wikidata.org/entity/Q1508311
Infiniti Essence	https://commons.wikimedia.org/wiki/Special:FilePath/Infiniti%20concept3.jpg	WIKIDATA	https://www.wikidata.org/entity/Q4383711
Acura ARX-01	https://commons.wikimedia.org/wiki/Special:FilePath/AGR%20ARX-01a.jpg	WIKIDATA	https://www.wikidata.org/entity/Q344715
Lincoln Aviator	https://commons.wikimedia.org/wiki/Special:FilePath/Lincoln%20Aviator%20%28U611%29%20IAA%202025%20DSC%201441.jpg	WIKIDATA	https://www.wikidata.org/entity/Q1760333
Tesla Model 3	https://commons.wikimedia.org/wiki/Special:FilePath/Tesla%20Model%203%20%282023%29%20Autofr%C3%BChling%20Ulm%20IMG%209282.jpg	WIKIDATA	https://www.wikidata.org/entity/Q7705507
Audi 100 C3	https://commons.wikimedia.org/wiki/Special:FilePath/Audi%20100%20C3%2C%20BJ%201987.JPG	WIKIDATA	https://www.wikidata.org/entity/Q758716
BMW 123d	https://commons.wikimedia.org/wiki/Special:FilePath/BMW%20E81%20123d.JPG	WIKIDATA	https://www.wikidata.org/entity/Q1944059
Lexus ES	https://commons.wikimedia.org/wiki/Special:FilePath/Lexus%20ES%20350h%20%28XZ20%29%20Auto%20Zuerich%202025%20DSC%203061.jpg	WIKIDATA	https://www.wikidata.org/entity/Q577397
Infiniti FX	https://commons.wikimedia.org/wiki/Special:FilePath/Infiniti%20FX30d%20S%20%28S51%29%20%E2%80%93%20Frontansicht%2C%202.%20Juli%202011%2C%20D%C3%BCsseldorf.jpg	WIKIDATA	https://www.wikidata.org/entity/Q652619
Cadillac ATS	https://commons.wikimedia.org/wiki/Special:FilePath/Cadillac%20ATS%20in%20Red%20at%20NAIAS%202012.jpg	WIKIDATA	https://www.wikidata.org/entity/Q979003
Lincoln Blackwood	https://commons.wikimedia.org/wiki/Special:FilePath/2002%20Lincoln%20Blackwood%2C%20front%20left%2C%204-05-2021.jpg	WIKIDATA	https://www.wikidata.org/entity/Q1825724
Land Rover Freelander	https://commons.wikimedia.org/wiki/Special:FilePath/Land%20Rover%20Freelander%20L359%20China%202012-05-12.jpg	WIKIDATA	https://www.wikidata.org/entity/Q1130052
Maserati 200S	https://commons.wikimedia.org/wiki/Special:FilePath/1957%20Maserati%20200SI.JPG	WIKIDATA	https://www.wikidata.org/entity/Q9304137
Tesla Model X	https://commons.wikimedia.org/wiki/Special:FilePath/Tesla%20Model%20X%20100D%201X7A6736.jpg	WIKIDATA	https://www.wikidata.org/entity/Q1634161
Audi 100 C4	https://commons.wikimedia.org/wiki/Special:FilePath/Audi%20100%20C4%20front%2020071007.jpg	WIKIDATA	https://www.wikidata.org/entity/Q758717
Mercedes-Benz 190 SL	https://commons.wikimedia.org/wiki/Special:FilePath/.00%201514%20Mercedes-Benz%20190%20SL%20Cabriolet%20two-seater%20%28vintage%29.jpg	WIKIDATA	https://www.wikidata.org/entity/Q1511468
Lexus GS	https://commons.wikimedia.org/wiki/Special:FilePath/Lexus%20GS%20L10%20Hybrid%20facelift%20China%202016-04-16.jpg	WIKIDATA	https://www.wikidata.org/entity/Q1045746
Infiniti G	https://commons.wikimedia.org/wiki/Special:FilePath/INFINITI%20G%20%28V36%29%20China.jpg	WIKIDATA	https://www.wikidata.org/entity/Q1516321
Acura CL	https://commons.wikimedia.org/wiki/Special:FilePath/2nd%20Acura%20CL%20--%2009-26-2010.jpg	WIKIDATA	https://www.wikidata.org/entity/Q2655512
Cadillac BLS	https://commons.wikimedia.org/wiki/Special:FilePath/Cadillac%20BLS%20front%20Holmgrens.jpg	WIKIDATA	https://www.wikidata.org/entity/Q1025157
Land Rover Freelander 2	https://commons.wikimedia.org/wiki/Special:FilePath/2013%20Land%20Rover%20Freelander%20Dynamic%20SD4%20Automatic%202.2%20Front.jpg	WIKIDATA	https://www.wikidata.org/entity/Q3217023
Jaguar C-Type	https://commons.wikimedia.org/wiki/Special:FilePath/Jaguar%20C-Type.JPG	WIKIDATA	https://www.wikidata.org/entity/Q1484575
Alfa Romeo 146	https://commons.wikimedia.org/wiki/Special:FilePath/1995%20Alfa%20Romeo%20146.JPG	WIKIDATA	https://www.wikidata.org/entity/Q1292503
Maserati 200SI	https://commons.wikimedia.org/wiki/Special:FilePath/SC06%201957%20Maserati%20200SI%20rear.jpg	WIKIDATA	https://www.wikidata.org/entity/Q17582676
Audi 200	https://commons.wikimedia.org/wiki/Special:FilePath/Audi%20200%205E%20%28C2%29%20v%20sst.jpg	WIKIDATA	https://www.wikidata.org/entity/Q758720
BMW 1500	https://commons.wikimedia.org/wiki/Special:FilePath/BMW%201500%20in%20BMW-Museum%20in%20Munich%2C%20Bayern.JPG	WIKIDATA	https://www.wikidata.org/entity/Q16060432
Lexus GS 450h	https://commons.wikimedia.org/wiki/Special:FilePath/LEXUS%20GS%20450h%20%28L10%29%20China%20%282%29.jpg	WIKIDATA	https://www.wikidata.org/entity/Q4042839
Infiniti G20	https://commons.wikimedia.org/wiki/Special:FilePath/Infiniti%20G20.jpg	WIKIDATA	https://www.wikidata.org/entity/Q14565747
Acura CSX	https://commons.wikimedia.org/wiki/Special:FilePath/2009%20Acura%20CSX.JPG	WIKIDATA	https://www.wikidata.org/entity/Q2823809
Cadillac Brougham	https://commons.wikimedia.org/wiki/Special:FilePath/1991%20Cadillac%20Brougham%20gold-edition%20black%20fl.jpg	WIKIDATA	https://www.wikidata.org/entity/Q600329
Jaguar E-Type	https://commons.wikimedia.org/wiki/Special:FilePath/Ol%20car06a.JPG	WIKIDATA	https://www.wikidata.org/entity/Q249303
Alfa Romeo 147	https://commons.wikimedia.org/wiki/Special:FilePath/Alfa%20147%20II.%20Facelift%2020090808%20front.JPG	WIKIDATA	https://www.wikidata.org/entity/Q174366
Maserati 222 SE	https://commons.wikimedia.org/wiki/Special:FilePath/Maserati%20222SE.jpg	WIKIDATA	https://www.wikidata.org/entity/Q2657643
Audi 200 quattro	https://commons.wikimedia.org/wiki/Special:FilePath/Rally%20Bohemia%202012%20%28historic%20show%2C%20SS21%20Sychrov%29%20-%20Audi%20200%20Quattro.JPG	WIKIDATA	https://www.wikidata.org/entity/Q3294434
Mercedes-Benz 300 SL	https://commons.wikimedia.org/wiki/Special:FilePath/Mercedes%20300SL%20grijs%20N%C3%BCrburgring%202006%20small.jpg	WIKIDATA	https://www.wikidata.org/entity/Q745023
Lexus GX	https://commons.wikimedia.org/wiki/Special:FilePath/Lexus%20GX%20550%20VJA252%20Overtrail%20Tactical%20Beige%20%2B%20Black%2003.jpg	WIKIDATA	https://www.wikidata.org/entity/Q1458281
Infiniti J30	https://commons.wikimedia.org/wiki/Special:FilePath/Infiniti%20J30.jpg	WIKIDATA	https://www.wikidata.org/entity/Q1662406
Acura EL	https://commons.wikimedia.org/wiki/Special:FilePath/%2704-%2705%20Acura%20EL.JPG	WIKIDATA	https://www.wikidata.org/entity/Q344752
Lincoln Continental	https://commons.wikimedia.org/wiki/Special:FilePath/LINCOLN%20CONTINENTAL%20TENTH%20GENERATION%20China%20%282%29.jpg	WIKIDATA	https://www.wikidata.org/entity/Q1358633
Land Rover Range Rover (P38A)	https://commons.wikimedia.org/wiki/Special:FilePath/1995-1998%20Land%20Rover%20Range%20Rover%20%28P38A%29%204.0%20SE%20wagon%2005.jpg	WIKIDATA	https://www.wikidata.org/entity/Q7292685
Jaguar F-Pace	https://commons.wikimedia.org/wiki/Special:FilePath/2021%20Jaguar%20F-Pace%20HSE%20Diesel%20MHEV%20AWD%20Automatic%20facelift%202.0%20Front.jpg	WIKIDATA	https://www.wikidata.org/entity/Q18972506
BMW 1602	https://commons.wikimedia.org/wiki/Special:FilePath/BMW%201602%20%285998683803%29.jpg	WIKIDATA	https://www.wikidata.org/entity/Q11959926
Mercedes-Benz 300 SLR	https://commons.wikimedia.org/wiki/Special:FilePath/Mercedes-Benz%20300%20SLR%201955.jpg	WIKIDATA	https://www.wikidata.org/entity/Q2303469
Lexus HS	https://commons.wikimedia.org/wiki/Special:FilePath/2010%20Lexus%20HS250h%20--%2011-23-2009.png	WIKIDATA	https://www.wikidata.org/entity/Q1851045
Infiniti M	https://commons.wikimedia.org/wiki/Special:FilePath/Infiniti-M30-Coupe.jpg	WIKIDATA	https://www.wikidata.org/entity/Q827838
Acura ILX	https://commons.wikimedia.org/wiki/Special:FilePath/2019%20Acura%20ILX%20A-Spec%20Premium%2C%20front%208.25.19.jpg	WIKIDATA	https://www.wikidata.org/entity/Q2113800
Cadillac Catera	https://commons.wikimedia.org/wiki/Special:FilePath/97-99%20Cadillac%20Catera%20.jpg	WIKIDATA	https://www.wikidata.org/entity/Q1025161
Audi 50	https://commons.wikimedia.org/wiki/Special:FilePath/Audi%2050.jpg	WIKIDATA	https://www.wikidata.org/entity/Q649636
BMW 1800	https://commons.wikimedia.org/wiki/Special:FilePath/BMW%201800%20%287883880920%29.jpg	WIKIDATA	https://www.wikidata.org/entity/Q2056075
Mercedes-Benz 300SEL 6.3	https://commons.wikimedia.org/wiki/Special:FilePath/Mercedes-Benz%20W109%20fl.jpg	WIKIDATA	https://www.wikidata.org/entity/Q3089028
Lexus IS	https://commons.wikimedia.org/wiki/Special:FilePath/2026%20Lexus%20IS300h%20F%20Sport%20front.jpg	WIKIDATA	https://www.wikidata.org/entity/Q838833
Infiniti Q30	https://commons.wikimedia.org/wiki/Special:FilePath/00%20infiniti%20q30%201.jpg	WIKIDATA	https://www.wikidata.org/entity/Q19332181
Cadillac Ciel	https://commons.wikimedia.org/wiki/Special:FilePath/Cadillac%20Ciel%20%28concept%29%20-%20Flickr%20-%20skinnylawyer.jpg	WIKIDATA	https://www.wikidata.org/entity/Q2932696
Lincoln Continental Mark IV	https://commons.wikimedia.org/wiki/Special:FilePath/1975%20Lincoln%20Continental%20Mark%20IV%2C%20Dutch%20licence%20registration%2021-YB-60%20p1.JPG	WIKIDATA	https://www.wikidata.org/entity/Q1128805
Alfa Romeo 156	https://commons.wikimedia.org/wiki/Special:FilePath/Alfa%20Romeo%20156%20GTA%20%2840920850890%29.jpg	WIKIDATA	https://www.wikidata.org/entity/Q926738
BMW 1M Coupe	https://commons.wikimedia.org/wiki/Special:FilePath/BMW%201-Series%20M%20--%202011%20DC.jpg	WIKIDATA	https://www.wikidata.org/entity/Q3449486
Lexus IS (XE20)	https://commons.wikimedia.org/wiki/Special:FilePath/Lexus%20IS250%20silver.jpg	WIKIDATA	https://www.wikidata.org/entity/Q6537926
Infiniti Q45	https://commons.wikimedia.org/wiki/Special:FilePath/InfQ45.jpg	WIKIDATA	https://www.wikidata.org/entity/Q1662409
Acura MDX	https://commons.wikimedia.org/wiki/Special:FilePath/DSC08205%20%2852803366909%29.jpg	WIKIDATA	https://www.wikidata.org/entity/Q1422815
Cadillac Cien	https://commons.wikimedia.org/wiki/Special:FilePath/Cadillac%20Cien%20%28front%20angle%29.jpg	WIKIDATA	https://www.wikidata.org/entity/Q1748779
Alfa Romeo 156 Crosswagon Q4	https://commons.wikimedia.org/wiki/Special:FilePath/Alfa%20Romeo%20156%20Crosswagon.JPG	WIKIDATA	https://www.wikidata.org/entity/Q11685300
Maserati 300S	https://commons.wikimedia.org/wiki/Special:FilePath/Maserati%20300%20S.jpg	WIKIDATA	https://www.wikidata.org/entity/Q3850744
Audi 80	https://commons.wikimedia.org/wiki/Special:FilePath/Audi%2080%20B4%20Sedan.jpg	WIKIDATA	https://www.wikidata.org/entity/Q389020
BMW 2000 GL	https://commons.wikimedia.org/wiki/Special:FilePath/MHV%20BMW%202004%201973%2001.jpg	WIKIDATA	https://www.wikidata.org/entity/Q796370
Mercedes-Benz Vito	https://commons.wikimedia.org/wiki/Special:FilePath/2017%20Mercedes-Benz%20Vito%20111%20CDi%201.6.jpg	WIKIDATA	https://www.wikidata.org/entity/Q345168
Lexus IS F	https://commons.wikimedia.org/wiki/Special:FilePath/2007%20Lexus%20IS-F%2001.jpg	WIKIDATA	https://www.wikidata.org/entity/Q1808616
Infiniti Q50	https://commons.wikimedia.org/wiki/Special:FilePath/Infiniti%20Q50%20S%20HYBRID%20%28V37%29%20%E2%80%93%20Frontansicht%2C%2017.%20August%202014%2C%20D%C3%BCsseldorf.jpg	WIKIDATA	https://www.wikidata.org/entity/Q4999061
Acura RDX	https://commons.wikimedia.org/wiki/Special:FilePath/2019%20Acura%20RDX%20front%201.5.18.jpg	WIKIDATA	https://www.wikidata.org/entity/Q344792
Alfa Romeo 159	https://commons.wikimedia.org/wiki/Special:FilePath/Alfa%20159%20grey.jpg	WIKIDATA	https://www.wikidata.org/entity/Q1610
Maserati 3200 GT	https://commons.wikimedia.org/wiki/Special:FilePath/Maserati%203200%20GT%20-%20Flickr%20-%20Alexandre%20Pr%C3%A9vot%20%283%29.jpg	WIKIDATA	https://www.wikidata.org/entity/Q1322630
Audi 80 B2	https://commons.wikimedia.org/wiki/Special:FilePath/Beuel-classics-22032015-275.jpg	WIKIDATA	https://www.wikidata.org/entity/Q758725
Mercedes-Benz 380	https://commons.wikimedia.org/wiki/Special:FilePath/1934%20Mercedes-Benz%20380K%2C%20140hp%203800cc%20155kmh%20photo-3.JPG	WIKIDATA	https://www.wikidata.org/entity/Q631909
Infiniti Q60	https://commons.wikimedia.org/wiki/Special:FilePath/2017%20Infiniti%20Q60%20%28V37%29%20front%204.24.18.jpg	WIKIDATA	https://www.wikidata.org/entity/Q1662400
Acura RL	https://commons.wikimedia.org/wiki/Special:FilePath/2009%20Acura%20RL--DC.jpg	WIKIDATA	https://www.wikidata.org/entity/Q344798
Maserati 3500 GT	https://commons.wikimedia.org/wiki/Special:FilePath/Maserati%203500%20GT%20front.jpg	WIKIDATA	https://www.wikidata.org/entity/Q1850430
Audi 80 B3	https://commons.wikimedia.org/wiki/Special:FilePath/Audi%2080%20B3%20front%2020081201.jpg	WIKIDATA	https://www.wikidata.org/entity/Q758726
BMW 3 Series	https://commons.wikimedia.org/wiki/Special:FilePath/BMW%20G20%20%282022%29%201X7A6120.jpg	WIKIDATA	https://www.wikidata.org/entity/Q466066
Lexus LFA	https://commons.wikimedia.org/wiki/Special:FilePath/2011%20Lexus%20LFA%20White.jpg	WIKIDATA	https://www.wikidata.org/entity/Q1341985
Infiniti Q70	https://commons.wikimedia.org/wiki/Special:FilePath/Infiniti%20Q70%20-%20Mondial%20de%20l%27Automobile%20de%20Paris%202014%20-%20001.jpg	WIKIDATA	https://www.wikidata.org/entity/Q1662407
Acura RLX	https://commons.wikimedia.org/wiki/Special:FilePath/2018%20Acura%20RLX%20sedan%20front%204.2.18.jpg	WIKIDATA	https://www.wikidata.org/entity/Q2263998
Cadillac CTS	https://commons.wikimedia.org/wiki/Special:FilePath/%2714%20Cadillac%20CTS%20Sedan.jpg	WIKIDATA	https://www.wikidata.org/entity/Q770733
Alfa Romeo 166	https://commons.wikimedia.org/wiki/Special:FilePath/Alfa%20Romeo%20166%20front%2020071105.jpg	WIKIDATA	https://www.wikidata.org/entity/Q1130671
Audi 80 B4	https://commons.wikimedia.org/wiki/Special:FilePath/Audi80-1992.JPG	WIKIDATA	https://www.wikidata.org/entity/Q758727
BMW 3 Series (E46)	https://commons.wikimedia.org/wiki/Special:FilePath/BMW320i%20E46%20Lim.jpg	WIKIDATA	https://www.wikidata.org/entity/Q756792
Mercedes-Benz W168	https://commons.wikimedia.org/wiki/Special:FilePath/Mercedes%20A%20160%20Elegance%20%28W168%29%20front%2020090926.jpg	WIKIDATA	https://www.wikidata.org/entity/Q442752
Infiniti QX	https://commons.wikimedia.org/wiki/Special:FilePath/97-00%20Infiniti%20QX4.jpg	WIKIDATA	https://www.wikidata.org/entity/Q1662414
Acura SLX	https://commons.wikimedia.org/wiki/Special:FilePath/Acura%20SLX.jpg	WIKIDATA	https://www.wikidata.org/entity/Q3120754
Cadillac CTS-V	https://commons.wikimedia.org/wiki/Special:FilePath/2009%20Cadillac%20CTS-V%20in%20Black%2C%20front%20left%20%2808-25-2009%29.jpg	WIKIDATA	https://www.wikidata.org/entity/Q2062135
Maserati 420	https://commons.wikimedia.org/wiki/Special:FilePath/Maserati%20Biturbo%20front%2020080419.jpg	WIKIDATA	https://www.wikidata.org/entity/Q3850745
Audi 90	https://commons.wikimedia.org/wiki/Special:FilePath/Audi%2090%20front%2020071015.jpg	WIKIDATA	https://www.wikidata.org/entity/Q758728
BMW 3 Series (F30)	https://commons.wikimedia.org/wiki/Special:FilePath/2017%20BMW%20340i%20%28F30%20LCI%29%20Luxury%20Line%20sedan%20%282018-07-30%29%2001.jpg	WIKIDATA	https://www.wikidata.org/entity/Q626846
Mercedes-Benz 500E	https://commons.wikimedia.org/wiki/Special:FilePath/1992%20Mercedes-Benz%20500E%20%28W124.036%29%2C%20front%20right.jpg	WIKIDATA	https://www.wikidata.org/entity/Q3560500
Lexus LS 400	https://commons.wikimedia.org/wiki/Special:FilePath/Lexus%20LS%20400%20UCF10%20I.jpg	WIKIDATA	https://www.wikidata.org/entity/Q1267427
Infiniti QX30	https://commons.wikimedia.org/wiki/Special:FilePath/Infiniti%20QX30%20-%20lewy%20prz%C3%B3d%20%28MSP17%29.jpg	WIKIDATA	https://www.wikidata.org/entity/Q19900946
Acura TL	https://commons.wikimedia.org/wiki/Special:FilePath/1999-2001%20Acura%203.2%20TL.jpg	WIKIDATA	https://www.wikidata.org/entity/Q344824
Alfa Romeo 1750	https://commons.wikimedia.org/wiki/Special:FilePath/Alfa%202000%20Berlina%201974.jpg	WIKIDATA	https://www.wikidata.org/entity/Q796405
Maserati 420M	https://commons.wikimedia.org/wiki/Special:FilePath/Collection%20Panini%20Maserati%200098.JPG	WIKIDATA	https://www.wikidata.org/entity/Q3850769
BMW 3 Series Gran Turismo	https://commons.wikimedia.org/wiki/Special:FilePath/BMW%20318d%20GT%20Modern%20Line%20%28F34%29%20%E2%80%93%20Frontansicht%2C%2031.%20August%202013%2C%20M%C3%BCnster.jpg	WIKIDATA	https://www.wikidata.org/entity/Q4311136
Lexus LS 400 (UCF20)	https://commons.wikimedia.org/wiki/Special:FilePath/Lexus%20LS%20400%20UCF20%20I%20Moonstone%20Pearl.jpg	WIKIDATA	https://www.wikidata.org/entity/Q1282231
Infiniti QX50	https://commons.wikimedia.org/wiki/Special:FilePath/2019%20Infiniti%20QX50%20front%205.22.18.jpg	WIKIDATA	https://www.wikidata.org/entity/Q1629714
Acura TSX	https://commons.wikimedia.org/wiki/Special:FilePath/2012%20Acura%20TSX%20sedan%20--%202012%20DC.JPG	WIKIDATA	https://www.wikidata.org/entity/Q2455196
Jaguar S-Type	https://commons.wikimedia.org/wiki/Special:FilePath/Jaguar%20S-Type%20front%2020080517.jpg	WIKIDATA	https://www.wikidata.org/entity/Q582111
Alfa Romeo 1900	https://commons.wikimedia.org/wiki/Special:FilePath/Alfa%20Romeo%20museum%20-%20Alfa%20Romeo%201900.jpg	WIKIDATA	https://www.wikidata.org/entity/Q980705
Lexus LS600h	https://commons.wikimedia.org/wiki/Special:FilePath/LS%20600h%20L%20Verdigris%20Mica.jpg	WIKIDATA	https://www.wikidata.org/entity/Q1477236
Infiniti QX60	https://commons.wikimedia.org/wiki/Special:FilePath/2022%20Infiniti%20QX60%20Luxe%2C%20front%206.11.22.jpg	WIKIDATA	https://www.wikidata.org/entity/Q2970694
Acura ZDX (2009)	https://commons.wikimedia.org/wiki/Special:FilePath/2010%20Acura%20ZDX%20--%2003-15-2010.jpg	WIKIDATA	https://www.wikidata.org/entity/Q344833
Jaguar X-Type	https://commons.wikimedia.org/wiki/Special:FilePath/Jaguar%20X-Type.jpg	WIKIDATA	https://www.wikidata.org/entity/Q475753
Audi A2	https://commons.wikimedia.org/wiki/Special:FilePath/2002%20Audi%20A2%20TDi%20SE%201.4.jpg	WIKIDATA	https://www.wikidata.org/entity/Q741656
Lexus LX	https://commons.wikimedia.org/wiki/Special:FilePath/Lexus%20LX%20600%20VJA310%20F%20Sport%20White%20Nova%2001.jpg	WIKIDATA	https://www.wikidata.org/entity/Q1509972
Jaguar XE	https://commons.wikimedia.org/wiki/Special:FilePath/2017%20Jaguar%20XE%20Portfolio%20Diesel%20Automatic%202.0%20Front.jpg	WIKIDATA	https://www.wikidata.org/entity/Q15939056
Alfa Romeo 2000	https://commons.wikimedia.org/wiki/Special:FilePath/Alfa%202000%20touring%20spider.JPG	WIKIDATA	https://www.wikidata.org/entity/Q1887809
Maserati 5000 GT	https://commons.wikimedia.org/wiki/Special:FilePath/Maserati%205000GT.jpg	WIKIDATA	https://www.wikidata.org/entity/Q1907012
Lexus RC	https://commons.wikimedia.org/wiki/Special:FilePath/Lexus%20RC%20F%20XC10%20FL%20Radiant%20Red%20%281%29%20%28cropped%29.jpg	WIKIDATA	https://www.wikidata.org/entity/Q15140120
Infiniti QX80	https://commons.wikimedia.org/wiki/Special:FilePath/Infiniti%20QX80%20Autograph%20%28Z63%29%20front.jpg	WIKIDATA	https://www.wikidata.org/entity/Q19888560
Cadillac Eldorado Brougham	https://commons.wikimedia.org/wiki/Special:FilePath/1957%20Cadillac%20Eldorado%20Brougham%204-door%20hardtop%20%287143765601%29%20%28cropped%29.jpg	WIKIDATA	https://www.wikidata.org/entity/Q1025180
Jaguar XF (X260)	https://commons.wikimedia.org/wiki/Special:FilePath/Jaguar%20XF%20%28X260%29%20Sportbrake%20Facelift%20IMG%208892.jpg	WIKIDATA	https://www.wikidata.org/entity/Q19787640
Alfa Romeo 2300	https://commons.wikimedia.org/wiki/Special:FilePath/Alfa%20Romeo%202300%20Rio%20Front%20View.jpg	WIKIDATA	https://www.wikidata.org/entity/Q2834751
Audi A3 8L	https://commons.wikimedia.org/wiki/Special:FilePath/Audi%20A3%201.6%203-door%201997%20UK.jpg	WIKIDATA	https://www.wikidata.org/entity/Q473441
Mercedes-Benz AMG Vision Gran Turismo	https://commons.wikimedia.org/wiki/Special:FilePath/Mercedes-Benz%20AMG%20Vision%20Gran%20Turismo%20DSC%208431.jpg	WIKIDATA	https://www.wikidata.org/entity/Q17221157
Lexus RX	https://commons.wikimedia.org/wiki/Special:FilePath/2023%20Lexus%20RX%20350%20Premium%20Plus%20in%20Matador%20Red%20Mica%2C%20front%20left.jpg	WIKIDATA	https://www.wikidata.org/entity/Q660273
Jaguar XF-R	https://commons.wikimedia.org/wiki/Special:FilePath/Jaguar%20XF-R%20%288505516186%29.jpg	WIKIDATA	https://www.wikidata.org/entity/Q2054675
Alfa Romeo 2600	https://commons.wikimedia.org/wiki/Special:FilePath/Alfa.JPG	WIKIDATA	https://www.wikidata.org/entity/Q611019
Audi A3 8P	https://commons.wikimedia.org/wiki/Special:FilePath/Audi%20A3%20S-Line%20silver.JPG	WIKIDATA	https://www.wikidata.org/entity/Q758740
Mercedes-Benz C11	https://commons.wikimedia.org/wiki/Special:FilePath/1990%20Mercedes-Benz%20C11%20HCC25.jpg	WIKIDATA	https://www.wikidata.org/entity/Q1736380
Lexus RX 400h	https://commons.wikimedia.org/wiki/Special:FilePath/Toyota%20Harrier%20Hybrid%2001.JPG	WIKIDATA	https://www.wikidata.org/entity/Q2504355
Cadillac Escalade	https://commons.wikimedia.org/wiki/Special:FilePath/2026%20Cadillac%20Escalade%20ESV.jpg	WIKIDATA	https://www.wikidata.org/entity/Q830369
Lincoln LS	https://commons.wikimedia.org/wiki/Special:FilePath/00-02%20Lincoln%20LS%202.jpg	WIKIDATA	https://www.wikidata.org/entity/Q1337514
Maserati MC12	https://commons.wikimedia.org/wiki/Special:FilePath/Maserati.MC12.JPG	WIKIDATA	https://www.wikidata.org/entity/Q389575
Audi A3 8V	https://commons.wikimedia.org/wiki/Special:FilePath/Audi%20-%20A3%20-%20Mondial%20de%20l%27Automobile%20de%20Paris%202012%20-%20202.jpg	WIKIDATA	https://www.wikidata.org/entity/Q758738
Mercedes-Benz C140	https://commons.wikimedia.org/wiki/Special:FilePath/Mercedes-Benz%20Coup%C3%A9-Baureihe%20140.jpg	WIKIDATA	https://www.wikidata.org/entity/Q915837
Cadillac Escalade ESV	https://commons.wikimedia.org/wiki/Special:FilePath/2026%20Cadillac%20Escalade%20ESV.jpg	WIKIDATA	https://www.wikidata.org/entity/Q16040199
Jaguar XJ (X308)	https://commons.wikimedia.org/wiki/Special:FilePath/Jaguar%20X300%20front%2020081218.jpg	WIKIDATA	https://www.wikidata.org/entity/Q1678516
Lamborghini 350 GT	https://commons.wikimedia.org/wiki/Special:FilePath/Lamborghini%20350%20GT%201964.jpg	WIKIDATA	https://www.wikidata.org/entity/Q569269
McLaren 570S	https://commons.wikimedia.org/wiki/Special:FilePath/McLaren%20570S%20Spider%20IMG%209945.jpg	WIKIDATA	https://www.wikidata.org/entity/Q19759816
Bugatti 18/3 Chiron	https://commons.wikimedia.org/wiki/Special:FilePath/Bugatti%20Chiron%20%288162%29.jpg	WIKIDATA	https://www.wikidata.org/entity/Q572907
Pagani Huayra	https://commons.wikimedia.org/wiki/Special:FilePath/Pagani%20Huayra%20-%20Flickr%20-%20andrewbasterfield.jpg	WIKIDATA	https://www.wikidata.org/entity/Q1414821
Maybach 57	https://commons.wikimedia.org/wiki/Special:FilePath/Maybach%2057%20near%20Weybridge.JPG	WIKIDATA	https://www.wikidata.org/entity/Q1992148
Porsche 9PA	https://commons.wikimedia.org/wiki/Special:FilePath/Porsche%20Cayenne%20S%202004%20Seite.jpg	WIKIDATA	https://www.wikidata.org/entity/Q390958
Lamborghini 400 GT	https://commons.wikimedia.org/wiki/Special:FilePath/400GT.JPG	WIKIDATA	https://www.wikidata.org/entity/Q1140314
Rolls-Royce 100EX	https://commons.wikimedia.org/wiki/Special:FilePath/Rolls-Royce%20101EX.jpg	WIKIDATA	https://www.wikidata.org/entity/Q1124637
McLaren F1	https://commons.wikimedia.org/wiki/Special:FilePath/1996%20McLaren%20F1%20Chassis%20No%2063%206.1%20Front.jpg	WIKIDATA	https://www.wikidata.org/entity/Q849607
Pagani Zonda	https://commons.wikimedia.org/wiki/Special:FilePath/Pagani%20Zonda%20C12%20%27chassis%20001%27%20Genf%202019%201Y7A5382.jpg	WIKIDATA	https://www.wikidata.org/entity/Q848965
Maybach 57 and 62	https://commons.wikimedia.org/wiki/Special:FilePath/Mercedes%20Maybach%2057%20and%2062.jpg	WIKIDATA	https://www.wikidata.org/entity/Q1073673
Lamborghini 400GT Monza	https://commons.wikimedia.org/wiki/Special:FilePath/1966%20Lamborghini%20400%20GT%20Monza.jpg	WIKIDATA	https://www.wikidata.org/entity/Q6481513
Aston Martin Cygnet	https://commons.wikimedia.org/wiki/Special:FilePath/Aston%20Martin%20Cygnet%20%2882%29.JPG	WIKIDATA	https://www.wikidata.org/entity/Q1140349
McLaren F1 LM	https://commons.wikimedia.org/wiki/Special:FilePath/McLaren%20F1%20LM.jpg	WIKIDATA	https://www.wikidata.org/entity/Q3353470
Bugatti EB110	https://commons.wikimedia.org/wiki/Special:FilePath/1993%20Bugatti%20EB110%20GT%20in%20Grigio%20Scuro%2C%20front%20left%20%28Miller%29.jpg	WIKIDATA	https://www.wikidata.org/entity/Q731408
Pagani Zonda C 12 S	https://commons.wikimedia.org/wiki/Special:FilePath/Pagani%20Zonda.jpg	WIKIDATA	https://www.wikidata.org/entity/Q10968884
Lamborghini Murciélago	https://commons.wikimedia.org/wiki/Special:FilePath/2007%20Lamborghini%20Murcielago%203.jpg	WIKIDATA	https://www.wikidata.org/entity/Q216757
Aston Martin DB AR1	https://commons.wikimedia.org/wiki/Special:FilePath/Aston%20Martin%20DB%20AR1.jpg	WIKIDATA	https://www.wikidata.org/entity/Q223599
Pagani Zonda C12 6.0	https://upload.wikimedia.org/wikipedia/commons/thumb/4/4a/Pagani_Zonda_C12_%2846695822624%29.jpg/1280px-Pagani_Zonda_C12_%2846695822624%29.jpg?utm_source=commons.wikimedia.org&utm_campaign=imageinfo&utm_content=thumbnail	COMMONS	https://commons.wikimedia.org/wiki/File:Pagani_Zonda_C12_(46695822624).jpg
Alpine A210	https://commons.wikimedia.org/wiki/Special:FilePath/Alpinea210.jpg	WIKIDATA	https://www.wikidata.org/entity/Q2651146
Ferrari 208 GTB/GTS	https://commons.wikimedia.org/wiki/Special:FilePath/Ferrari%20208%20GTS%20%281980%29%201.jpg	WIKIDATA	https://www.wikidata.org/entity/Q7821918
Lamborghini Gallardo	https://commons.wikimedia.org/wiki/Special:FilePath/Orange%20Lamborghini%20Gallardo%20LP560%20fl.JPG	WIKIDATA	https://www.wikidata.org/entity/Q152917
Aston Martin DB Mark III	https://commons.wikimedia.org/wiki/Special:FilePath/1957%20Aston%20Martin%20DB%20Mk%20III%20fr.jpg	WIKIDATA	https://www.wikidata.org/entity/Q2706028
Pagani Zonda C12-S 7.0	https://upload.wikimedia.org/wikipedia/commons/thumb/1/18/Pagani_Zonda_S_Roadster_7.jpg/1280px-Pagani_Zonda_S_Roadster_7.jpg?utm_source=commons.wikimedia.org&utm_campaign=imageinfo&utm_content=thumbnail	COMMONS	https://commons.wikimedia.org/wiki/File:Pagani_Zonda_S_Roadster_7.jpg
Maybach Exelero	https://commons.wikimedia.org/wiki/Special:FilePath/Excelero.jpg	WIKIDATA	https://www.wikidata.org/entity/Q843163
Ferrari 208 GTB/GTS Turbo	https://commons.wikimedia.org/wiki/Special:FilePath/Ferrari%20GTS%20Turbo%201X7A7839.jpg	WIKIDATA	https://www.wikidata.org/entity/Q16039818
Lamborghini Aventador	https://commons.wikimedia.org/wiki/Special:FilePath/Lamborghini%20Aventador%20LP750-4%20SV%20IMG%209103%20%28cropped%29.jpg	WIKIDATA	https://www.wikidata.org/entity/Q318094
Bentley Arnage	https://commons.wikimedia.org/wiki/Special:FilePath/2007%20Bentley%20Arnage%20T%2001.JPG	WIKIDATA	https://www.wikidata.org/entity/Q818285
Rolls-Royce 200EX	https://commons.wikimedia.org/wiki/Special:FilePath/Rolls%20Royce%20200EX%20%27Ghost%27%20-%20Flickr%20-%20The%20Car%20Spy%20%282%29.jpg	WIKIDATA	https://www.wikidata.org/entity/Q4542510
Pagani Zonda C12-S Monza	https://commons.wikimedia.org/wiki/Special:FilePath/Pagani%20Race%20Car.jpg	WIKIDATA	https://www.wikidata.org/entity/Q3809948
Pagani Zonda Cinque	https://commons.wikimedia.org/wiki/Special:FilePath/Pagani%20Zonda%20Cinque.jpg	WIKIDATA	https://www.wikidata.org/entity/Q672427
Alpine GTA	https://commons.wikimedia.org/wiki/Special:FilePath/Alpine%20GTA%20V6%20Turbo%201989.jpg	WIKIDATA	https://www.wikidata.org/entity/Q1456630
Ferrari 212 Inter	https://commons.wikimedia.org/wiki/Special:FilePath/Ferrari%20212%20Inter%2000.jpg	WIKIDATA	https://www.wikidata.org/entity/Q556469
Lamborghini Countach	https://commons.wikimedia.org/wiki/Special:FilePath/Lamborghini%20Countach%2025th%20Anniversary%20IMG%202994.jpg	WIKIDATA	https://www.wikidata.org/entity/Q863812
Bentley Bentayga	https://commons.wikimedia.org/wiki/Special:FilePath/Bentley%20Bentayga%20EWB%20Auto%20Zuerich%202023%201X7A1234.jpg	WIKIDATA	https://www.wikidata.org/entity/Q19606707
Aston Martin DB4	https://commons.wikimedia.org/wiki/Special:FilePath/Aston%20Martin%20DB%204%2C%20Bj.%201960%20%282008-06-28%29.JPG	WIKIDATA	https://www.wikidata.org/entity/Q290857
Lotus 2-Eleven	https://commons.wikimedia.org/wiki/Special:FilePath/Lotus%202-Eleven%20Zolder.jpg	WIKIDATA	https://www.wikidata.org/entity/Q644770
Ferrari 225 S	https://commons.wikimedia.org/wiki/Special:FilePath/Ferrari%20225%201.jpg	WIKIDATA	https://www.wikidata.org/entity/Q1407622
Pagani Zonda R	https://commons.wikimedia.org/wiki/Special:FilePath/Pagani%20Zonda%201.jpg	WIKIDATA	https://www.wikidata.org/entity/Q691986
Porsche 904	https://commons.wikimedia.org/wiki/Special:FilePath/Porsche%20904%20Carrera%20GTS%20in%20the%20Porsche-Museum%20%282009%29%20IMG%207409.jpg	WIKIDATA	https://www.wikidata.org/entity/Q1475188
Lamborghini Egoista	https://commons.wikimedia.org/wiki/Special:FilePath/Lamborghini%20Egoista%20front%20mod.jpg	WIKIDATA	https://www.wikidata.org/entity/Q13417880
Bentley Brooklands Coupé	https://commons.wikimedia.org/wiki/Special:FilePath/2008%20Bentley%20Brooklands%20Coupe%20NY.jpg	WIKIDATA	https://www.wikidata.org/entity/Q3638331
Škoda Citigo	https://commons.wikimedia.org/wiki/Special:FilePath/%C5%A0koda%20Citigo-e%20iV%201X7A7291.jpg	WIKIDATA	https://www.wikidata.org/entity/Q391963
Škoda Fabia I	https://commons.wikimedia.org/wiki/Special:FilePath/%C5%A0koda%20Fabia%20Yellow.jpg	WIKIDATA	https://www.wikidata.org/entity/Q391966
Bentley Continental	https://commons.wikimedia.org/wiki/Special:FilePath/Bentley%20Continental%20GT%20%28II%29%20%E2%80%93%20Frontansicht%20%283%29%2C%2030.%20August%202011%2C%20D%C3%BCsseldorf.jpg	WIKIDATA	https://www.wikidata.org/entity/Q818287
Rolls-Royce Ghost	https://commons.wikimedia.org/wiki/Special:FilePath/2025%20Rolls-Royce%20Ghost.jpg	WIKIDATA	https://www.wikidata.org/entity/Q1510648
Porsche 907	https://commons.wikimedia.org/wiki/Special:FilePath/Porsche%20907%20TCE.jpg	WIKIDATA	https://www.wikidata.org/entity/Q1888233
Ferrari 250 GT 2+2	https://commons.wikimedia.org/wiki/Special:FilePath/1962%20Ferrari%20250%20GTE.jpg	WIKIDATA	https://www.wikidata.org/entity/Q2402655
Lamborghini Espada 400 GTE	https://commons.wikimedia.org/wiki/Special:FilePath/EspadaS2%208368%201971.jpg	WIKIDATA	https://www.wikidata.org/entity/Q11752691
Bentley Continental Flying Spur	https://commons.wikimedia.org/wiki/Special:FilePath/Bentley%20Continental%20Flying%20Spur%20Speed%20%E2%80%93%20Frontansicht%20%282%29%2C%205.%20April%202012%2C%20D%C3%BCsseldorf.jpg	WIKIDATA	https://www.wikidata.org/entity/Q818295
Rolls-Royce Phantom Coupé	https://commons.wikimedia.org/wiki/Special:FilePath/Rolls-Royce%20Phantom-Coup%C3%A9%20Front-view.JPG	WIKIDATA	https://www.wikidata.org/entity/Q2416119
Aston Martin DB6	https://commons.wikimedia.org/wiki/Special:FilePath/Aston%20Martin%20DB6%20Volante%20%2865405%29.jpg	WIKIDATA	https://www.wikidata.org/entity/Q749880
